SurveyCode,Date,Building,Wall,SpiderID,SpiderSpecies,SpiderSex,PreySize,PreyColor,PreyStripes,AltPrey,Photo Y/N,SpiderLength,CephalothoraxWidth,AbdomenWidth,AbdomenLength,,,,,,,,
5.29BHWAM,5.29,BH,W,1,Zebra,M,NA,NA,NA,NA,Y,4.45,1.689,1.777,2.493,,,,,,,,
5.29BHWAM,5.29,BH,W,2,Zebra,F,NA,NA,NA,NA,Y,6.03,1.4992,2.486,3.9,,,,,,,,
5.29BHWAM,5.29,BH,W,3,Zebra,M,NA,NA,NA,NA,N,NA,NA,NA,NA,,,,,,,,
5.29BHWAM,5.29,BH,W,4,Zebra,F,Medium,Gray,Stripe,NA,Y,5.286,1.669,2.115,3.341,,,,,,,,
5.29BHWAM,5.29,BH,W,5,Zebra,F,NA,NA,NA,NA,Y,5.636,1.704,2.142,3.426,,,,,,,,
5.29BHWAM,5.29,BH,W,6,Zebra,F,NA,NA,NA,NA,Y,4.89,1.424,1.534,2.865,,,,,,,,
5.29BHWAM,5.29,BH,W,7,Zebra,M,NA,NA,NA,NA,Y,5.1,1.618,1.878,2.939,,,,,,,,
5.29BHWAM,5.29,BH,W,8,Zebra,F,NA,NA,NA,NA,N,NA,NA,NA,NA,,,,,,,,
5.29BHWAM,5.29,BH,W,9,Zebra,F,NA,NA,NA,NA,Y,6.934,1.658,1.926,3.709,,,,,,,,
5.29BHWAM,5.29,BH,W,10,Zebra,M,NA,NA,NA,NA,N,NA,NA,NA,NA,,,,,,,,
5.31LUNEAM,5.31,LU,NE,1,Zebra,F,Medium,Gray,Stripe,NA,Y,6.296,2.052,2.584,3.849,,,,,,,,
5.31LUNEAM,5.31,LU,NE,2,Zebra,F,NA,NA,NA,NA,Y,7.246,1.979,2.734,4.574,,,,,,,,
5.31LUNEAM,5.31,LU,NE,3,Zebra,M,NA,NA,NA,NA,Y,6.689,2.019,2.37,3.897,,,,,,,,
5.31LUNEAM,5.31,LU,NE,4,Zebra,F,Medium,Gray,Stripe,NA,Y,7.737,2.124,2.83,5.156,,,,,,,,
5.31LUNEAM,5.31,LU,NE,5,Zebra,F,NA,NA,NA,NA,Y,7.496,1.973,2.82,4.642,,,,,,,,
5.31LUNEAM,5.31,LU,NE,6,Zebra,M,NA,NA,NA,NA,Y,5.019,1.596,1.811,2.761,,,,,,,,
5.31LUNEAM,5.31,LU,NE,7,Zebra,F,Small,Gray,Stripe,NA,Y,7.474,2.052,2.852,4.933,,,,,,,,
5.31LUNEAM,5.31,LU,NE,8,Zebra,M,NA,NA,NA,NA,Y,3.98,1.171,1.281,2.267,,,,,,,,
5.31LUNWAM,5.31,LU,NW,1,Zebra,F,Large,Gray,Stripe,NA,Y,7.255,2.123,2.733,5.025,,,,,,,,
5.31LUNWAM,5.31,LU,NW,2,Zebra,J,Medium,Gray,Stripe,NA,Y,2.288,0.799,0.977,1.467,,,,,,,,
5.31LUNWAM,5.31,LU,NW,3,Zebra,F,NA,NA,NA,NA,Y,6.584,1.804,2.527,4.134,,,,,,,,
5.31LUNWAM,5.31,LU,NW,4,Zebra,J,Medium,Gray,Stripe,NA,Y,5.432,1.728,1.765,2.928,,,,,,,,
5.31LUNWAM,5.31,LU,NW,5,Zebra,M,NA,NA,NA,NA,N,NA,NA,NA,NA,,,,,,,,
5.31LUNWAM,5.31,LU,NW,6,Zebra,M,NA,NA,NA,NA,Y,5.2,1.679,1.754,3.027,,,,,,,,
5.31LUWAM,5.31,LU,W,1,Zebra,M,NA,NA,NA,NA,Y,5.477,1.87,1.929,3.413,,,,,,,,
5.31LUWAM,5.31,LU,W,2,Zebra,F,Small,Gray,Stripe,NA,Y,6.617,1.718,2.406,4.282,,,,,,,,
5.31LUWAM,5.31,LU,W,3,Unknown,J,Medium,Gray,Stripe,NA,Y,2.735,0.911,1.342,2.005,,,,,,,,
5.31LUWAM,5.31,LU,W,4,Zebra,F,Medium,Gray,Stripe,NA,Y,6.422,1.724,2.452,4.191,,,,,,,,
5.31LUWAM,5.31,LU,W,5,Zebra,F,NA,NA,NA,NA,Y,6.554,1.719,2.482,4.133,,,,,,,,
5.31LUWAM,5.31,LU,W,6,Zebra,F,Medium,Gray,Stripe,NA,Y,7.631,2.146,2.943,4.66,,,,,,,,
5.31LUWAM,5.31,LU,W,7,Zebra,M,NA,NA,NA,NA,Y,4.993,1.485,1.765,2.873,,,,,,,,
5.31LUWAM,5.31,LU,W,8,Zebra,F,NA,NA,NA,NA,Y,6.29,1.598,2.381,3.996,,,,,,,,
5.31TBNAM,5.31,TB,N,1,Zebra,J,Medium,Gray,Stripe,NA,Y,3.207,0.9,1.112,1.76,,,,,,,,
5.31TBNAM,5.31,TB,N,2,Zebra,J,Small,Gray,Stripe,NA,Y,2.914,0.924,1.096,1.77,,,,,,,,
5.31TBNAM,5.31,TB,N,3,Zebra,F,Medium,Gray,Stripe,NA,Y,5.812,1.699,2.079,3.347,,,,,,,,
5.31TBNAM,5.31,TB,N,4,Zebra,M,NA,NA,NA,NA,Y,4.488,1.2,1.527,2.803,,,,,,,,
5.31TBNAM,5.31,TB,N,5,Zebra,F,Medium,Gray,Stripe,NA,Y,7.604,2.039,2.786,4.743,,,,,,,,
5.31TBNAM,5.31,TB,N,6,Zebra,F,Small,Gray,Stripe,NA,Y,4.528,1.605,1.53,2.608,,,,,,,,
5.31TBNAM,5.31,TB,N,7,Zebra,M,NA,NA,NA,NA,N,NA,NA,NA,NA,,,,,,,,
5.31TBNAM,5.31,TB,N,8,Zebra,M,NA,NA,NA,NA,Y,4.465,1.168,1.39,2.456,,,,,,,,
5.31TBNAM,5.31,TB,N,9,Zebra,F,NA,NA,NA,NA,Y,5.52,1.499,2.098,3.675,,,,,,,,
5.31TBNAM,5.31,TB,N,10,Zebra,F,Large,Gray,Stripe,NA,Y,5.108,1.33,1.949,3.155,,,,,,,,
5.31TBNAM,5.31,TB,N,11,Zebra,F,NA,NA,NA,NA,Y,4.286,1.261,1.602,2.68,,,,,,,,
5.31TBNAM,5.31,TB,N,12,Zebra,M,NA,NA,NA,NA,Y,4.413,1.216,1.563,2.614,,,,,,,,
5.31TBNAM,5.31,TB,N,13,Zebra,M,NA,NA,NA,NA,N,NA,NA,NA,NA,,,,,,,,
5.31GFNAM,5.31,GF,N,1,Zebra,F,Small,Gray,Stripe,NA,Y,5.657,1.586,2.666,3.998,,,,,,,,
5.31GFNAM,5.31,GF,N,2,Zebra,M,NA,NA,NA,NA,Y,5.137,1.892,1.885,2.852,,,,,,,,
5.31GFNAM,5.31,GF,N,3,Zebra,F,Medium,Gray,Stripe,NA,Y,3.568,1.059,1.471,2.081,,,,,,,,
5.31GFNAM,5.31,GF,N,4,Zebra,F,Medium,Gray,No stripe,NA,Y,5.56,2.025,2.535,4.139,,,,,,,,
5.31GFNAM,5.31,GF,N,5,Zebra,F,NA,NA,NA,NA,Y,3.588,1.346,1.182,1.636,,,,,,,,
5.31GFNAM,5.31,GF,N,6,Zebra,J,Small,Gray,Unknown,NA,N,NA,NA,NA,NA,,,,,,,,
5.31SBNAM,5.31,SB,N,1,Zebra,F,NA,NA,NA,NA,Y,6.948,2.102,2.766,4.326,,,,,,,,
5.31SBNAM,5.31,SB,N,2,Zebra,M,Medium,Gray,Stripe,NA,Y,4.484,1.554,1.323,2.592,,,,,,,,
5.31SBNAM,5.31,SB,N,3,Zebra,J,NA,NA,NA,NA,Y,3.459,0.989,1.366,1.868,,,,,,,,
5.31SBNAM,5.31,SB,N,4,Zebra,F,NA,NA,NA,NA,Y,7.106,2.017,2.661,4.478,,,,,,,,
5.31SBNAM,5.31,SB,N,5,Zebra,M,NA,NA,NA,NA,Y,4.93,1.369,1.835,2.673,,,,,,,,
5.31SBNAM,5.31,SB,N,6,Zebra,J,NA,NA,NA,NA,Y,3.677,1.1,1.468,2.311,,,,,,,,
5.31SBNAM,5.31,SB,N,7,Zebra,M,NA,NA,NA,NA,Y,6.755,1.811,2.094,3.811,,,,,,,,
5.31SBNAM,5.31,SB,N,8,Zebra,F,NA,NA,NA,NA,Y,5.788,1.644,2.035,3.436,,,,,,,,
5.31SBNAM,5.31,SB,N,9,Zebra,F,Medium,Gray,Stripe,NA,Y,6.315,1.938,2.279,3.711,,,,,,,,
5.31SBNAM,5.31,SB,N,10,Zebra,F,Medium,Gray,No stripe,NA,Y,6.133,1.968,2.333,3.401,,,,,,,,
5.31SBNAM,5.31,SB,N,11,Zebra,M,NA,NA,NA,NA,Y,4.924,1.298,1.629,2.643,,,,,,,,
5.31SBNAM,5.31,SB,N,12,BHLB,U,NA,NA,NA,NA,Y,5.92,1.4,2.2,4.24,,,,,,,,
5.31GFSAM,5.31,GF,S,1,Tan,U,Unknown,Unknown,Unknown,NA,Y,5.46,2.18,1.55,2.95,,,,,,,,
5.31GFSAM,5.31,GF,S,2,Unknown,U,NA,NA,NA,NA,Y,6.44,1.76,2.86,4.16,,,,,,,,
5.31GFSAM,5.31,GF,S,3,Zebra,F,NA,NA,NA,NA,Y,5.369,1.83,2.205,3.359,,,,,,,,
5.31GFSAM,5.31,GF,S,4,Unknown,U,Small,Gray,Unknown,NA,Y,7.49,2.01,3.68,5.32,,,,,,,,
5.31SBWAM,5.31,SB,W,1,Zebra,F,Medium,Gray,Stripe,NA,Y,5.232,1.737,2.094,2.917,,,,,,,,
5.31SBWAM,5.31,SB,W,2,Zebra,F,Medium,Black,Stripe,NA,Y,5.614,1.943,1.916,3.225,,,,,,,,
5.31SBWAM,5.31,SB,W,3,Zebra,J,Small,Gray,Stripe,NA,Y,4.2,1.265,1.471,2.366,,,,,,,,
5.31SBWAM,5.31,SB,W,4,Zebra,M,Medium,Black,No stripe,NA,Y,4.262,1.371,1.619,2.46,,,,,,,,
5.31SBWAM,5.31,SB,W,5,Zebra,J,Large,Gray,No stripe,NA,Y,3.939,1.184,1.432,2.224,,,,,,,,
5.31DHNWAM,5.31,DH,NW,1,Zebra,M,NA,NA,NA,NA,Y,3.911,1.173,1.546,2.185,,,,,,,,
5.31DHNWAM,5.31,DH,NW,2,Zebra,F,Medium,Black,Stripe,NA,Y,6.477,2.035,2.615,4.188,,,,,,,,
5.31DHNWAM,5.31,DH,NW,3,Zebra,J,Medium,Gray,Stripe,NA,Y,3.257,0.862,1.398,2.023,,,,,,,,
5.31DHNWAM,5.31,DH,NW,4,Zebra,M,NA,NA,NA,NA,Y,3.682,1.062,1.591,2.435,,,,,,,,
5.31DHNWAM,5.31,DH,NW,5,Zebra,F,NA,NA,NA,NA,Y,8.924,2.215,3.175,5.6,,,,,,,,
5.31DHNWAM,5.31,DH,NW,6,Zebra,F,Medium,Gray,Stripe,NA,Y,8.314,2.115,3.18,5.206,,,,,,,,
5.31DHNWAM,5.31,DH,NW,7,Zebra,F,NA,NA,NA,NA,Y,5.09,1.486,1.927,3.052,,,,,,,,
5.31DHNWAM,5.31,DH,NW,8,Zebra,F,Medium,Black,Stripe,NA,Y,6.929,2.006,2.422,4.475,,,,,,,,
5.31DHNWAM,5.31,DH,NW,9,Zebra,F,Small,Black,No stripe,NA,Y,6.345,1.759,2.448,3.957,,,,,,,,
5.31DHNWAM,5.31,DH,NW,10,Zebra,F,Medium,Black,Stripe,NA,Y,6.38,1.689,2.769,3.81,,,,,,,,
5.31DHNWAM,5.31,DH,NW,11,Zebra,F,Small,Gray,Stripe,NA,N,NA,NA,NA,NA,,,,,,,,
5.31DHNWAM,5.31,DH,NW,12,Zebra,M,NA,NA,NA,NA,Y,5.748,1.894,2.098,3.104,,,,,,,,
5.30PPNPM,5.3,PP,N,1,Zebra,J,Large,Gray,Stripe,NA,Y,3.613,1.093,1.358,2.236,,,,,,,,
5.30PPNPM,5.3,PP,N,2,Zebra,J,NA,NA,NA,NA,Y,2.755,0.771,0.958,1.702,,,,,,,,
5.30PPNPM,5.3,PP,N,3,Zebra,F,NA,NA,NA,NA,Y,6.985,1.969,2.822,4.493,,,,,,,,
5.30PPNPM,5.3,PP,N,4,Zebra,F,Medium,Gray,Stripe,NA,Y,7.819,2.169,2.687,4.459,,,,,,,,
5.30PPNPM,5.3,PP,N,5,Zebra,M,NA,NA,NA,NA,Y,4.498,1.372,1.495,2.437,,,,,,,,
5.30GFSPM,5.3,GF,S,1,Zebra,M,NA,NA,NA,NA,Y,5.733,1.811,1.791,3.45,,,,,,,,
5.30GFSPM,5.3,GF,S,2,Tan,U,NA,NA,NA,NA,Y,6.95,1.91,2.31,4.35,,,,,,,,
5.30GFSPM,5.3,GF,S,3,Zebra,M,NA,NA,NA,NA,Y,4.404,1.37,1.441,2.481,,,,,,,,
5.30TBNPM,5.3,TB,N,1,Zebra,F,NA,NA,NA,NA,N,NA,NA,NA,NA,,,,,,,,
5.30TBNPM,5.3,TB,N,2,Zebra,F,NA,NA,NA,NA,Y,7.008,2.065,2.575,4.315,,,,,,,,
5.30TBNPM,5.3,TB,N,3,Zebra,M,NA,NA,NA,NA,Y,5.431,1.666,1.856,2.806,,,,,,,,
5.30TBNPM,5.3,TB,N,4,Zebra,M,NA,NA,NA,NA,Y,4.519,1.452,1.501,2.371,,,,,,,,
5.30TBNPM,5.3,TB,N,5,Zebra,M,NA,NA,NA,NA,Y,5.042,1.502,1.708,2.98,,,,,,,,
5.30TBNPM,5.3,TB,N,6,Zebra,F,NA,NA,NA,NA,Y,6.583,2.047,2.814,4.457,,,,,,,,
5.30TBNPM,5.3,TB,N,7,Zebra,M,NA,NA,NA,NA,Y,4.947,1.388,1.631,2.779,,,,,,,,
5.30TBNPM,5.3,TB,N,8,Zebra,F,NA,NA,NA,NA,Y,6.788,2.209,2.95,4.3,,,,,,,,
5.30TBNPM,5.3,TB,N,9,Zebra,F,NA,NA,NA,NA,Y,6.823,2.004,2.788,4.088,,,,,,,,
5.30TBNPM,5.3,TB,N,10,Zebra,F,Large,Gray,Stripe,NA,Y,5.395,1.961,2.303,3.273,,,,,,,,
5.30TBNPM,5.3,TB,N,11,Zebra,F,Medium,Gray,Stripe,NA,Y,6.557,1.72,2.373,4.107,,,,,,,,
5.30TBNPM,5.3,TB,N,12,Zebra,M,Medium,Gray,Stripe,NA,Y,3.965,1.413,1.267,2.024,,,,,,,,
5.30TBNPM,5.3,TB,N,13,Zebra,M,NA,NA,NA,NA,Y,4.5,1.497,1.402,2.498,,,,,,,,
5.30TBNPM,5.3,TB,N,14,Zebra,F,Medium,Gray,Stripe,NA,Y,7.6,1.911,2.728,4.702,,,,,,,,
5.30SBWAM,5.3,SB,W,1,Zebra,M,NA,NA,NA,NA,N,NA,NA,NA,NA,,,,,,,,
5.30SBWAM,5.3,SB,W,2,Zebra,J,NA,NA,NA,NA,Y,3.192,0.812,0.971,1.616,,,,,,,,
5.30SBWAM,5.3,SB,W,3,Unknown,U,Small,Gray,No stripe,NA,Y,2.9,1.02,1.07,1.53,,,,,,,,
5.30SBNAM,5.3,SB,N,1,Zebra,F,Small,Gray,Stripe,NA,Y,4.768,1.52,1.806,2.812,,,,,,,,
5.30SBNAM,5.3,SB,N,2,Zebra,F,NA,NA,NA,NA,Y,7.049,1.847,2.745,4.826,,,,,,,,
5.30SBNAM,5.3,SB,N,3,Zebra,M,NA,NA,NA,NA,Y,4.376,1.521,1.636,2.68,,,,,,,,
5.30DHNWAM,5.3,DH,NW,1,Zebra,F,Medium,Gray,Stripe,NA,Y,8.007,2.034,2.97,5.283,,,,,,,,
5.30DHNWAM,5.3,DH,NW,2,Zebra,F,NA,NA,NA,NA,Y,7.489,1.76,2.787,4.835,,,,,,,,
5.30DHNWAM,5.3,DH,NW,3,Zebra,F,Medium,Gray,Unknown,NA,Y,5.057,1.555,1.86,2.99,,,,,,,,
5.29SBWPM,5.29,SB,W,1,Zebra,F,NA,NA,NA,NA,Y,6.455,1.915,2.603,3.652,,,,,,,,
5.29SBWPM,5.29,SB,W,2,Zebra,F,NA,NA,NA,NA,Y,7.311,1.664,2.665,4.52,,,,,,,,
5.29SBWPM,5.29,SB,W,3,Zebra,F,NA,NA,NA,NA,Y,5.93,1.742,2.062,3.401,,,,,,,,
5.29SBWPM,5.29,SB,W,4,Zebra,F,NA,NA,NA,NA,Y,7.177,2.013,2.781,4.462,,,,,,,,
5.29MINPM,5.29,MI,N,1,Zebra,F,Small,Gray,Stripe,NA,Y,3.904,1.174,1.425,2.017,,,,,,,,
5.29MINPM,5.29,MI,N,2,Tan,U,NA,NA,NA,NA,N,NA,NA,NA,NA,,,,,,,,
5.29MINPM,5.29,MI,N,3,Zebra,F,NA,NA,NA,NA,Y,5.625,1.83,2.213,3.629,,,,,,,,
5.29MINPM,5.29,MI,N,4,Zebra,M,NA,NA,NA,NA,Y,5.862,1.94,2.009,3.272,,,,,,,,
5.29MINPM,5.29,MI,N,5,Zebra,F,Medium,Gray,Stripe,NA,Y,5.9,2.058,2.222,3.167,,,,,,,,
5.29MINPM,5.29,MI,N,6,Zebra,F,Medium,Gray,No stripe,NA,Y,4.616,1.613,1.838,2.77,,,,,,,,
5.29MINPM,5.29,MI,N,7,Tan,U,NA,NA,NA,NA,N,NA,NA,NA,NA,,,,,,,,
5.29PPNPM,5.29,PP,N,1,Zebra,M,NA,NA,NA,NA,Y,5.347,1.802,1.929,2.989,,,,,,,,
5.29PPNPM,5.29,PP,N,2,Zebra,F,Medium,Gray,Stripe,NA,Y,7.833,2.228,3.144,4.589,,,,,,,,
5.29PPNPM,5.29,PP,N,3,BHLB,U,Medium,Gray,Stripe,NA,N,NA,NA,NA,NA,,,,,,,,
5.29GFNAM,5.29,GF,N,1,Zebra,F,Medium,Gray,Stripe,NA,Y,7.577,2.112,2.944,4.891,,,,,,,,
5.29GFNAM,5.29,GF,N,2,Zebra,M,NA,NA,NA,NA,Y,4.957,1.64,1.899,2.935,,,,,,,,
5.29GFNAM,5.29,GF,N,3,Zebra,F,NA,NA,NA,NA,Y,5.254,1.5,2.065,3.219,,,,,,,,
5.29GFNAM,5.29,GF,N,4,BHLB,U,NA,NA,NA,NA,Y,4.301,1.405,1.408,2.462,,,,,,,,
5.29GFNAM,5.29,GF,N,5,Zebra,F,Medium,Gray,Stripe,NA,Y,6.589,1.957,2.272,3.507,,,,,,,,
5.29GFNAM,5.29,GF,N,6,Tan,U,NA,NA,NA,NA,Y,12.319,3.78,4.469,7.579,,,,,,,,
5.29GFNAM,5.29,GF,N,7,Zebra,F,NA,NA,NA,NA,Y,7.603,2.142,2.544,4.368,,,,,,,,
5.29GFNAM,5.29,GF,N,8,Zebra,M,NA,NA,NA,NA,Y,6.049,1.721,2.146,3.366,,,,,,,,
5.29GFNAM,5.29,GF,N,9,Unknown,U,NA,NA,NA,NA,Y,3.329,0.81,1.077,1.968,,,,,,,,
5.29GFNAM,5.29,GF,N,10,Zebra,F,NA,NA,NA,NA,Y,7.943,1.986,3.36,5.031,,,,,,,,
5.29GFNAM,5.29,GF,N,11,Zebra,M,NA,NA,NA,NA,Y,4.499,1.481,1.409,2.341,,,,,,,,
5.29GFSAM,5.29,GF,S,1,Zebra,F,NA,NA,NA,NA,Y,7.392,2.071,2.556,3.836,,,,,,,,
5.29GFSAM,5.29,GF,S,2,Zebra,F,NA,NA,NA,NA,Y,7.525,1.775,2.75,4.151,,,,,,,,
5.29GFSAM,5.29,GF,S,3,Unknown,U,NA,NA,NA,NA,Y,6.94,2.063,2.429,3.996,,,,,,,,
5.29GFSAM,5.29,GF,S,4,Zebra,F,NA,NA,NA,NA,Y,8.058,2.081,2.987,5.041,,,,,,,,
5.29DHNWAM,5.29,DH,NW,1,Zebra,F,NA,NA,NA,NA,Y,NA,NA,NA,NA,,,,,,,,
5.29DHNWAM,5.29,DH,NW,2,Zebra,M,NA,NA,NA,NA,Y,NA,NA,NA,NA,,,,,,,,
5.29DHNWAM,5.29,DH,NW,3,Zebra,F,Medium,Gray,Stripe,NA,N,NA,NA,NA,NA,,,,,,,,
5.30PPNAM,5.3,PP,N,1,Zebra,M,NA,NA,NA,NA,Y,4.087,1.335,1.308,2.205,,,,,,,,
5.30PPNAM,5.3,PP,N,2,Zebra,M,NA,NA,NA,NA,Y,5.409,1.762,1.825,3.098,,,,,,,,
5.30PPNAM,5.3,PP,N,3,Zebra,M,NA,NA,NA,NA,Y,5.004,4.458,1.798,2.692,,,,,,,,
5.30PPNAM,5.3,PP,N,4,Zebra,F,Large,Gray,Stripe,NA,Y,9.336,2.301,3.183,5.661,,,,,,,,
5.30PPNAM,5.3,PP,N,5,Zebra,M,NA,NA,NA,NA,N,NA,NA,NA,NA,,,,,,,,
5.30SBNPM,5.3,SB,N,1,Zebra,M,NA,NA,NA,NA,Y,6.486,1.93,2.236,3.691,,,,,,,,
5.30SBNPM,5.3,SB,N,2,Zebra,F,Medium,Gray,Stripe,NA,Y,8.069,2.076,2.936,5.108,,,,,,,,
5.30SBNPM,5.3,SB,N,3,Zebra,F,NA,NA,NA,NA,Y,6.667,1.706,2.38,4.059,,,,,,,,
5.30SBNPM,5.3,SB,N,4,Zebra,F,Small,Gray,Stripe,NA,Y,7.209,2.332,2.716,4.091,,,,,,,,
5.30SBNPM,5.3,SB,N,5,Zebra,F,NA,NA,NA,NA,N,NA,NA,NA,NA,,,,,,,,
5.30SBNPM,5.3,SB,N,6,Zebra,M,NA,NA,NA,NA,Y,6.624,1.902,1.902,3.394,,,,,,,,
5.30SBEPM,5.3,SB,E,1,Zebra,F,Medium,Gray,Stripe,NA,Y,6.135,1.78,2.651,4.041,,,,,,,,
5.30SBEPM,5.3,SB,E,2,Zebra,F,NA,NA,NA,NA,Y,6.02,1.796,2.363,3.731,,,,,,,,
5.30SBEPM,5.3,SB,E,3,Zebra,F,Small,Gray,Stripe,NA,Y,6.904,1.85,2.466,4.091,,,,,,,,
5.30SBEPM,5.3,SB,E,4,Zebra,M,NA,NA,NA,NA,Y,4.749,1.517,1.704,2.951,,,,,,,,
5.30SBEPM,5.3,SB,E,5,Zebra,F,Medium,Gray,Stripe,NA,Y,8.023,2.183,2.955,5.282,,,,,,,,
5.30GFNAM,5.3,GF,N,1,Zebra,F,NA,NA,NA,NA,Y,6.855,2.028,2.621,3.587,,,,,,,,
5.30GFNAM,5.3,GF,N,2,Zebra,F,Small,Gray,Stripe,NA,Y,6.809,1.964,2.123,3.564,,,,,,,,
5.30GFNAM,5.3,GF,N,3,Zebra,F,NA,NA,NA,NA,Y,5.288,1.666,1.873,2.783,,,,,,,,
5.30GFNAM,5.3,GF,N,4,Zebra,M,Small,Gray,Stripe,NA,Y,5.016,1.46,1.704,2.547,,,,,,,,
5.30GFNAM,5.3,GF,N,5,Zebra,M,NA,NA,NA,NA,Y,5.227,1.42,1.784,3.011,,,,,,,,
5.30GFNAM,5.3,GF,N,6,Zebra,F,Medium,Gray,Stripe,NA,Y,5.297,1.422,2.121,3.518,,,,,,,,
5.30GFNAM,5.3,GF,N,7,Zebra,F,Medium,Gray,Stripe,NA,Y,5.452,1.886,1.79,2.805,,,,,,,,
5.30GFNAM,5.3,GF,N,8,Unknown,U,NA,NA,NA,NA,Y,3.651,0.905,1.219,1.981,,,,,,,,
5.30GFNAM,5.3,GF,N,9,Zebra,M,Large,Gray,Stripe,NA,Y,3.802,1.265,1.265,2.034,,,,,,,,
5.30GFNAM,5.3,GF,N,10,Zebra,J,Small,Gray,Stripe,NA,Y,3.748,1.189,1.564,2.152,,,,,,,,
5.30GFNAM,5.3,GF,N,11,Tan,U,NA,NA,NA,NA,Y,14.139,4.111,5.094,9.704,,,,,,,,
5.30GFNAM,5.3,GF,N,12,Zebra,F,Small,Black,No stripe,NA,Y,7.039,2.002,2.76,4.274,,,,,,,,
5.30MINAM,5.3,MI,N,1,Zebra,J,Large,Gray,Stripe,NA,Y,NA,NA,NA,NA,,,,,,,,
5.30LUSWAM,5.3,LU,SW,1,Zebra,F,Small,Black,Unknown,NA,Y,4.601,1.247,1.603,2.685,,,,,,,,
5.30LUSWAM,5.3,LU,SW,2,Zebra,F,NA,NA,NA,NA,Y,7.649,1.81,2.592,4.414,,,,,,,,
5.30LUSWAM,5.3,LU,SW,3,Zebra,M,NA,NA,NA,NA,Y,5.619,1.807,1.956,3.104,,,,,,,,
5.30LUNWAM,5.3,LU,NW,1,Zebra,J,NA,NA,NA,NA,Y,3.174,0.876,1.197,2.118,,,,,,,,
5.30LUNWAM,5.3,LU,NW,2,Zebra,J,NA,NA,NA,NA,Y,3.587,0.974,1.242,2.173,,,,,,,,
5.30LUNWAM,5.3,LU,NW,3,Zebra,F,Medium,Gray,Stripe,NA,Y,5.745,1.528,2.131,3.544,,,,,,,,
5.30LUNWAM,5.3,LU,NW,4,Zebra,F,Large,Gray,Stripe,NA,Y,5.834,1.487,2.127,3.684,,,,,,,,
5.30LUNWAM,5.3,LU,NW,5,Zebra,F,Small,Gray,Stripe,NA,Y,6.317,2.314,2.379,3.861,,,,,,,,
5.30LUNWAM,5.3,LU,NW,6,Zebra,M,NA,NA,NA,NA,Y,5.716,1.812,1.848,3.409,,,,,,,,
5.30LUNWAM,5.3,LU,NW,7,Zebra,F,NA,NA,NA,NA,Y,6.738,1.872,2.417,4.391,,,,,,,,
5.30LUNEAM,5.3,LU,NE,1,Zebra,M,NA,NA,NA,NA,N,NA,NA,NA,NA,,,,,,,,
5.30LUNEAM,5.3,LU,NE,2,Zebra,M,NA,NA,NA,NA,Y,4.871,1.322,1.479,2.684,,,,,,,,
5.30LUNEAM,5.3,LU,NE,3,Zebra,M,NA,NA,NA,NA,Y,6.068,1.972,2.205,3.026,,,,,,,,
5.30GFSAM,5.3,GF,S,1,Zebra,F,NA,NA,NA,NA,Y,6.184,2.1,2.042,3.211,,,,,,,,
5.30GFSAM,5.3,GF,S,2,Zebra,F,NA,NA,NA,NA,Y,7.244,2.034,2.593,3.946,,,,,,,,
5.30GFSAM,5.3,GF,S,3,Tan,U,NA,NA,NA,NA,Y,8.847,2.394,3.513,5.749,,,,,,,,
5.30GFSAM,5.3,GF,S,4,Zebra,F,NA,NA,NA,NA,Y,6.299,1.849,2.167,3.546,,,,,,,,
5.30GFSAM,5.3,GF,S,5,Zebra,M,NA,NA,NA,NA,Y,4.323,1.451,1.514,2.336,,,,,,,,
5.30GFSAM,5.3,GF,S,6,Zebra,F,NA,NA,NA,NA,Y,7.281,1.959,2.712,4.426,,,,,,,,
6.1GLNAM,6.1,GL,N,1,Zebra,F,NA,NA,NA,NA,Y,7.639,2.123,2.824,4.673,,,,,,,,
6.1GLNAM,6.1,GL,N,2,Zebra,F,NA,NA,NA,NA,Y,5.762,1.614,2.127,3.553,,,,,,,,
6.1GLNAM,6.1,GL,N,3,Zebra,M,NA,NA,NA,NA,Y,3.938,1.339,1.341,2.149,,,,,,,,
6.1GLNAM,6.1,GL,N,4,Zebra,F,Large,Gray,Stripe,NA,Y,NA,NA,NA,NA,,,,,,,,
6.1GLNAM,6.1,GL,N,5,Zebra,F,Small,Gray,Stripe,NA,Y,8.627,2.098,3.204,5.27,,,,,,,,
6.1GLNAM,6.1,GL,N,6,Zebra,F,Medium,Gray,Stripe,NA,Y,4.95,1.56,2.3,2.7,,,,,,,,
6.1GLNAM,6.1,GL,N,7,Zebra,F,Large,Gray,Stripe,NA,Y,6.19,2.67,3.5,3.84,,,,,,,,
6.1GLNAM,6.1,GL,N,8,Zebra,F,NA,NA,NA,NA,Y,5.958,1.889,2.253,3.608,,,,,,,,
6.1GLNAM,6.1,GL,N,9,Tan,U,NA,NA,NA,NA,Y,9.665,2.74,3.068,5.901,,,,,,,,
6.1GLNAM,6.1,GL,N,10,Zebra,F,Large,Gray,Stripe,NA,N,NA,NA,NA,,,,,,,,,
6.1GLNAM,6.1,GL,N,11,Zebra,M,NA,NA,NA,NA,Y,6.244,1.785,2.109,3.583,,,,,,,,
6.1GLNAM,6.1,GL,N,12,Zebra,F,Medium,Gray,Stripe,NA,Y,8.059,3.123,2.83,4.992,,,,,,,,
6.1GLNAM,6.1,GL,N,13,Bold,U,NA,NA,NA,NA,N,NA,NA,NA,NA,,,,,,,,
6.1GLNAM,6.1,GL,N,14,Zebra,J,NA,NA,NA,NA,Y,3.785,1.309,1.425,2.259,,,,,,,,
6.1GLNAM,6.1,GL,N,15,Tan,U,NA,NA,NA,NA,Y,15.569,4.25,5.298,8.602,,,,,,,,
6.1GLNAM,6.1,GL,N,16,Zebra,J,NA,NA,NA,NA,Y,4.553,1.624,2.003,2.329,,,,,,,,
6.1GLNAM,6.1,GL,N,17,Tan,U,NA,NA,NA,NA,Y,13.883,4.046,4.898,9.371,,,,,,,,
6.1GLNAM,6.1,GL,N,18,Tan,U,Large,Gray,Stripe,NA,Y,12.867,4.838,3.487,6.873,,,,,,,,
6.1GLNAM,6.1,GL,N,19,Zebra,M,NA,NA,NA,NA,Y,5.771,1.736,1.849,3.277,,,,,,,,
6.1SBWAM,6.1,SB,W,1,Zebra,F,NA,NA,NA,NA,Y,5.352,1.47,1.628,2.862,,,,,,,,
6.1SBWAM,6.1,SB,W,2,Zebra,M,NA,NA,NA,NA,Y,5.443,2.056,2.239,3.281,,,,,,,,
6.1SBWAM,6.1,SB,W,3,Zebra,F,Medium,Gray,Stripe,NA,Y,7.595,2.4,2.797,4.414,,,,,,,,
6.1SBNAM,6.1,SB,N,1,Zebra,M,NA,NA,NA,NA,Y,6.254,1.89,2.327,3.587,,,,,,,,
6.1SBNAM,6.1,SB,N,2,Zebra,J,NA,NA,NA,NA,Y,5.043,1.369,1.528,2.943,,,,,,,,
6.1SBNAM,6.1,SB,N,3,Zebra,F,Medium,Gray,Stripe,NA,Y,6.916,1.959,2.724,4.2,,,,,,,,
6.1SBNAM,6.1,SB,N,4,Zebra,J,NA,NA,NA,NA,Y,5.341,1.641,1.745,2.988,,,,,,,,
6.1SBNAM,6.1,SB,N,5,Zebra,F,Small,Gray,Stripe,NA,Y,8.245,2.13,2.952,5.115,,,,,,,,
6.1SBNAM,6.1,SB,N,6,Zebra,F,Small,Gray,Stripe,NA,Y,6.691,1.954,2.592,3.994,,,,,,,,
6.1SBNAM,6.1,SB,N,7,Zebra,F,NA,NA,NA,NA,Y,6.623,1.883,2.542,4.004,,,,,,,,
6.1SBNAM,6.1,SB,N,8,Zebra,M,NA,NA,NA,NA,Y,4.406,1.397,1.721,2.582,,,,,,,,
6.1SBNAM,6.1,SB,N,9,Zebra,F,NA,NA,NA,NA,Y,5.38,1.6,1.924,3.194,,,,,,,,
6.1SBNAM,6.1,SB,N,10,Zebra,F,Medium,Gray,Stripe,NA,N,NA,NA,NA,NA,,,,,,,,
6.1DHNWAM,6.1,DH,NW,1,Zebra,J,NA,NA,NA,NA,Y,2.916,0.844,0.848,1.658,,,,,,,,
6.1DHNWAM,6.1,DH,NW,2,Zebra,F,Medium,Gray,Stripe,NA,Y,7.402,2.188,2.905,4.607,,,,,,,,
6.1DHNWAM,6.1,DH,NW,3,Zebra,F,NA,NA,NA,NA,Y,6.916,2.036,2.533,4.329,,,,,,,,
6.1DHNWAM,6.1,DH,NW,4,Unknown,U,NA,NA,NA,NA,Y,2.904,1.067,1.275,1.746,,,,,,,,
6.1DHNWAM,6.1,DH,NW,5,Unknown,U,Small,Gray,Stripe,NA,Y,3.499,1.376,1.832,2.076,,,,,,,,
6.1DHNWAM,6.1,DH,NW,6,Zebra,F,Medium,Gray,Stripe,NA,N,NA,NA,NA,NA,,,,,,,,
6.1DHNWAM,6.1,DH,NW,7,Zebra,J,NA,NA,NA,NA,N,NA,NA,NA,NA,,,,,,,,
6.1LUEAM,6.1,LU,E,1,Zebra,J,Small,Gray,Unknown,NA,Y,3.717,1.057,1.465,2.153,,,,,,,,
6.1LUEAM,6.1,LU,E,2,Zebra,J,Large,Gray,Stripe,NA,Y,3.309,1.251,1.32,1.545,,,,,,,,
6.1LUEAM,6.1,LU,E,3,Zebra,M,NA,NA,NA,NA,N,NA,NA,NA,NA,,,,,,,,
6.1LUEAM,6.1,LU,E,4,Zebra,M,NA,NA,NA,NA,Y,4.922,1.4,1.74,2.594,,,,,,,,
6.1LUEAM,6.1,LU,E,5,Zebra,F,NA,NA,NA,NA,Y,5.738,1.501,2.432,3.626,,,,,,,,
6.1LUEAM,6.1,LU,E,6,Zebra,M,NA,NA,NA,NA,Y,4.775,1.433,1.674,3.083,,,,,,,,
6.1LUEAM,6.1,LU,E,7,Zebra,F,NA,NA,NA,NA,N,NA,NA,NA,NA,,,,,,,,
6.1LUEAM,6.1,LU,E,8,Zebra,J,Small,Gray,Stripe,NA,Y,3.329,1.094,1.321,1.944,,,,,,,,
6.1LUEAM,6.1,LU,E,9,Zebra,F,Medium,Gray,Stripe,NA,Y,6.457,1.832,2.283,3.816,,,,,,,,
6.1LUEAM,6.1,LU,E,10,Zebra,F,NA,NA,NA,NA,Y,3.664,1.211,1.512,2.377,,,,,,,,
6.1LUSEAM,6.1,LU,SE,1,Zebra,F,NA,NA,NA,NA,Y,6.994,2.093,2.653,4.418,,,,,,,,
6.1LUSEAM,6.1,LU,SE,2,Zebra,F,NA,NA,NA,NA,Y,6.726,1.704,2.422,4.293,,,,,,,,
6.1LUSEAM,6.1,LU,SE,3,Zebra,M,NA,NA,NA,NA,Y,5.697,1.822,2.024,3.356,,,,,,,,
6.1LUSEAM,6.1,LU,SE,4,Zebra,F,NA,NA,NA,NA,Y,6.751,1.994,2.686,4.358,,,,,,,,
6.1LUSEAM,6.1,LU,SE,5,Zebra,F,Small,Gray,Stripe,NA,Y,6.711,1.801,2.672,4.355,,,,,,,,
6.1LUSEAM,6.1,LU,SE,6,Zebra,F,NA,NA,NA,NA,Y,6.649,1.786,2.563,4.289,,,,,,,,
6.1LUWAM,6.1,LU,W,1,Zebra,J,Large,Gray,Stripe,NA,Y,2.819,0.819,0.968,1.717,,,,,,,,
6.1LUWAM,6.1,LU,W,2,Zebra,J,NA,NA,NA,NA,Y,3.707,1.054,1.22,2.207,,,,,,,,
6.1LUWAM,6.1,LU,W,3,Zebra,F,NA,NA,NA,NA,Y,7.681,1.912,3.078,4.906,,,,,,,,
6.1LUWAM,6.1,LU,W,4,Zebra,M,NA,NA,NA,NA,Y,5.871,1.999,2.002,3.387,,,,,,,,
6.1LUWAM,6.1,LU,W,5,Zebra,F,Medium,Gray,Stripe,NA,Y,7.684,2.247,2.983,5.052,,,,,,,,
6.1LUWAM,6.1,LU,W,6,Zebra,F,Large,Gray,Stripe,NA,Y,6.742,1.938,2.493,3.96,,,,,,,,
6.1LUWAM,6.1,LU,W,7,Zebra,M,Large,Gray,Stripe,NA,Y,5.115,1.557,1.73,2.976,,,,,,,,
6.1LUWAM,6.1,LU,W,8,Zebra,M,NA,NA,NA,NA,N,NA,NA,NA,NA,,,,,,,,
6.1LUNWAM,6.1,LU,NW,1,Zebra,M,NA,NA,NA,NA,Y,4.998,1.431,1.749,3.028,,,,,,,,
6.1LUNWAM,6.1,LU,NW,2,Zebra,F,Medium,Gray,Stripe,NA,Y,7.994,2.395,2.95,4.564,,,,,,,,
6.1LUNWAM,6.1,LU,NW,3,Zebra,M,NA,NA,NA,NA,Y,5.208,1.503,1.74,2.843,,,,,,,,
6.1LUNWAM,6.1,LU,NW,4,Zebra,M,NA,NA,NA,NA,Y,5.105,1.495,1.674,2.932,,,,,,,,
6.1LUNWAM,6.1,LU,NW,5,Zebra,M,NA,NA,NA,NA,Y,6.214,2.384,2.218,3.266,,,,,,,,
6.1LUNWAM,6.1,LU,NW,6,Zebra,F,NA,NA,NA,NA,Y,5.165,1.724,2.003,3.109,,,,,,,,
6.1LUNWAM,6.1,LU,NW,7,Zebra,M,NA,NA,NA,NA,Y,4.991,1.685,1.824,2.855,,,,,,,,
6.1LUSWAM,6.1,LU,SW,1,Zebra,M,Small,Gray,Stripe,NA,Y,5.305,1.953,1.986,3.371,,,,,,,,
6.1LUSWAM,6.1,LU,SW,2,Zebra,M,NA,NA,NA,NA,Y,5.264,1.696,1.749,3.072,,,,,,,,
6.1LUSWAM,6.1,LU,SW,3,Zebra,F,Medium,Gray,Stripe,NA,Y,7.828,2.049,2.994,4.986,,,,,,,,
6.1LUSWAM,6.1,LU,SW,4,Zebra,F,Small,Gray,No stripe,NA,Y,5.671,1.541,2.173,3.775,,,,,,,,
6.1LUSWAM,6.1,LU,SW,5,Zebra,F,NA,NA,NA,NA,Y,6.386,1.876,2.327,4.051,,,,,,,,
6.1LUSWAM,6.1,LU,SW,6,Zebra,F,NA,NA,NA,NA,Y,6.325,2.027,2.652,3.961,,,,,,,,
6.1LUSWAM,6.1,LU,SW,7,Zebra,F,Medium,Gray,Stripe,NA,Y,6.607,2.121,2.684,4.022,,,,,,,,
6.1TBNAM,6.1,TB,N,1,Zebra,M,Small,Black,Unknown,NA,Y,4.05,1.432,1.402,2.207,,,,,,,,
6.1TBNAM,6.1,TB,N,2,Unknown,U,Small,Black,Unknown,NA,Y,4.357,1.442,1.325,2.507,,,,,,,,
6.1TBNAM,6.1,TB,N,3,Zebra,J,Medium,Gray,Stripe,NA,Y,4.631,1.557,1.381,2.582,,,,,,,,
6.1TBNAM,6.1,TB,N,4,Zebra,M,NA,NA,NA,NA,Y,5.584,1.482,2.055,3.45,,,,,,,,
6.1TBNAM,6.1,TB,N,5,Zebra,F,Medium,Black,Stripe,NA,Y,5.72,1.691,2.221,3.304,,,,,,,,
6.1TBNAM,6.1,TB,N,6,Zebra,F,Medium,Gray,Stripe,NA,Y,5.311,1.689,1.874,3.204,,,,,,,,
6.1TBNAM,6.1,TB,N,7,Zebra,F,Medium,Gray,Stripe,NA,Y,7.924,2.252,3.004,4.993,,,,,,,,
6.1TBNAM,6.1,TB,N,8,Zebra,M,NA,NA,NA,NA,Y,4.327,1.368,1.539,2.512,,,,,,,,
6.1TBNAM,6.1,TB,N,9,Zebra,M,NA,NA,NA,NA,N,NA,NA,NA,NA,,,,,,,,
6.1TBNAM,6.1,TB,N,10,Zebra,M,NA,NA,NA,NA,Y,5.143,1.753,1.681,2.7,,,,,,,,
6.1TBNAM,6.1,TB,N,11,Zebra,F,Medium,Black,Stripe,NA,Y,7.892,2.203,2.965,4.944,,,,,,,,
6.1TBNAM,6.1,TB,N,12,Zebra,F,NA,NA,NA,NA,Y,6.033,1.971,2.146,3.542,,,,,,,,
6.1TBNAM,6.1,TB,N,13,Zebra,M,NA,NA,NA,NA,Y,4.525,1.649,1.78,2.863,,,,,,,,
6.1TBNAM,6.1,TB,N,14,Zebra,F,NA,NA,NA,NA,Y,6.696,1.849,2.538,4.202,,,,,,,,
6.1GFNAM,6.1,GF,N,1,Zebra,F,NA,NA,NA,NA,Y,5.458,1.766,2.12,3.313,,,,,,,,
6.1GFNAM,6.1,GF,N,2,Tan,U,NA,NA,NA,NA,Y,11.618,3.331,4.276,7.241,,,,,,,,
6.1GFNAM,6.1,GF,N,3,Zebra,J,NA,NA,NA,NA,Y,3.547,1.165,1.329,2.096,,,,,,,,
6.1GFNAM,6.1,GF,N,4,Zebra,M,NA,NA,NA,NA,Y,4.433,1.389,1.509,2.598,,,,,,,,
6.1GFNAM,6.1,GF,N,5,Unknown,U,NA,NA,NA,NA,Y,3.045,0.942,1.034,1.658,,,,,,,,
6.1GFNAM,6.1,GF,N,6,Zebra,F,Medium,Gray,Stripe,NA,Y,7.607,2.191,2.633,4.522,,,,,,,,
6.1GFNAM,6.1,GF,N,7,Zebra,F,Small,Gray,Stripe,NA,Y,3.655,1.256,1.449,2.037,,,,,,,,
6.1GFNAM,6.1,GF,N,8,Unknown,U,NA,NA,NA,NA,Y,3.279,0.916,1.321,2.053,,,,,,,,
6.1GFNAM,6.1,GF,N,9,Zebra,F,NA,NA,NA,NA,Y,6.591,1.849,2.299,4.19,,,,,,,,
6.1GFNAM,6.1,GF,N,10,Zebra,F,Large,Gray,Stripe,NA,Y,6.718,2.072,2.34,3.696,,,,,,,,
6.1GFNAM,6.1,GF,N,11,Zebra,F,Large,Gray,Stripe,NA,Y,7.278,2.13,2.753,4.339,,,,,,,,
6.1GFNAM,6.1,GF,N,12,Unknown,U,NA,NA,NA,NA,Y,3.842,1.022,1.426,2.447,,,,,,,,
6.1GFNAM,6.1,GF,N,13,Tan,U,Large,Gray,Stripe,NA,Y,16.048,4.064,5.081,9.919,,,,,,,,
6.1GFNAM,6.1,GF,N,14,Zebra,F,NA,NA,NA,NA,Y,4.32,1.534,1.346,2.325,,,,,,,,
6.2GLNAMa,6.2,GL,N,1,Zebra,M,NA,NA,NA,NA,Y,4.652,1.423,2.063,2.934,,,,,,,,
6.2GLNAMa,6.2,GL,N,2,Zebra,M,NA,NA,NA,NA,N,NA,NA,NA,NA,,,,,,,,
6.2GLNAMa,6.2,GL,N,3,Unknown,U,NA,NA,NA,NA,N,NA,NA,NA,NA,,,,,,,,
6.2GLNAMa,6.2,GL,N,4,Zebra,F,NA,NA,NA,NA,N,NA,NA,NA,NA,,,,,,,,
6.2GLNAMa,6.2,GL,N,5,Zebra,F,NA,NA,NA,NA,N,NA,NA,NA,NA,,,,,,,,
6.2GLNAMa,6.2,GL,N,6,Zebra,F,NA,NA,NA,NA,Y,5.607,1.595,2.206,3.306,,,,,,,,
6.2GLNAMa,6.2,GL,N,7,Zebra,J,NA,NA,NA,NA,Y,4.803,1.431,1.94,2.82,,,,,,,,
6.2GLNAMa,6.2,GL,N,8,Zebra,F,Medium,Gray,Stripe,NA,Y,5.91,2.01,2.3,3.01,,,,,,,,
6.2GLNAMa,6.2,GL,N,9,Zebra,M,NA,NA,NA,NA,Y,4.142,1.323,1.609,2.461,,,,,,,,
6.2GLNAMa,6.2,GL,N,10,Unknown,U,NA,NA,NA,NA,N,NA,NA,NA,NA,,,,,,,,
6.2GLNAMa,6.2,GL,N,11,Zebra,F,NA,NA,NA,NA,Y,5.958,1.741,2.024,3.463,,,,,,,,
6.2GLNAMa,6.2,GL,N,12,Tan,U,NA,NA,NA,NA,Y,6.384,2.186,1.991,3.823,,,,,,,,
6.2GLNAMa,6.2,GL,N,13,Unknown,U,NA,NA,NA,NA,Y,4.666,1.455,1.501,2.707,,,,,,,,
6.2GLNAMa,6.2,GL,N,14,Tan,U,NA,NA,NA,NA,Y,12.785,4.005,4.889,7.832,,,,,,,,
6.2GLNAMa,6.2,GL,N,15,Zebra,F,Medium,Gray,Stripe,NA,Y,4.846,1.332,1.963,3.104,,,,,,,,
6.2GFSAM,6.2,GF,S,1,Zebra,M,NA,NA,NA,NA,Y,4.493,1.391,1.63,2.47,,,,,,,,
6.2GFSAM,6.2,GF,S,2,Zebra,F,NA,NA,NA,NA,Y,7.435,2.009,2.95,5.025,,,,,,,,
6.2GFSAM,6.2,GF,S,3,Zebra,F,NA,NA,NA,NA,Y,5.61,1.595,2.204,3.412,,,,,,,,
6.2GFSAM,6.2,GF,S,4,Unknown,U,NA,NA,NA,NA,Y,4.307,1.504,1.331,2.627,,,,,,,,
6.2GFSAM,6.2,GF,S,5,Zebra,F,NA,NA,NA,NA,Y,5.978,1.73,2.263,3.363,,,,,,,,
6.2GFNAMa,6.2,GF,N,1,Zebra,F,NA,NA,NA,NA,Y,6.643,2.059,3.029,4.248,,,,,,,,
6.2GFNAMa,6.2,GF,N,2,Zebra,F,NA,NA,NA,NA,Y,7.681,1.961,2.668,5.104,,,,,,,,
6.2GFNAMa,6.2,GF,N,3,Zebra,M,NA,NA,NA,NA,Y,4.67,1.426,1.718,2.795,,,,,,,,
6.2GFNAMa,6.2,GF,N,4,Zebra,F,NA,NA,NA,NA,Y,5.839,1.867,2.497,3.994,,,,,,,,
6.2GFNAMa,6.2,GF,N,5,Zebra,F,NA,NA,NA,NA,Y,8.623,2.28,3.195,5.57,,,,,,,,
6.2GFNAMa,6.2,GF,N,6,Zebra,F,NA,NA,NA,NA,Y,6.736,1.828,2.262,4.023,,,,,,,,
6.2GFNAMa,6.2,GF,N,7,Zebra,F,NA,NA,NA,NA,Y,5.316,1.631,1.899,2.922,,,,,,,,
6.2GFNAMa,6.2,GF,N,8,Zebra,F,NA,NA,NA,NA,Y,5.005,1.397,1.902,2.845,,,,,,,,
6.2GFNAMa,6.2,GF,N,9,Zebra,M,NA,NA,NA,NA,Y,5.476,1.745,1.745,3.105,,,,,,,,
6.2GFNAMa,6.2,GF,N,10,Unknown,U,NA,NA,NA,NA,Y,5.618,1.841,1.621,3.125,,,,,,,,
6.2GFNAMa,6.2,GF,N,11,Zebra,F,NA,NA,NA,NA,Y,6.629,2.054,2.097,3.787,,,,,,,,
6.1LUNEAM,6.1,LU,NE,1,Zebra,J,NA,NA,NA,NA,Y,3.375,0.887,1.241,2.042,,,,,,,,
6.1LUNEAM,6.1,LU,NE,2,Zebra,M,NA,NA,NA,NA,Y,5.265,1.72,1.745,2.756,,,,,,,,
6.1LUNEAM,6.1,LU,NE,3,Zebra,F,NA,NA,NA,NA,Y,7.147,1.8,2.838,4.928,,,,,,,,
6.1LUNEAM,6.1,LU,NE,4,Zebra,M,Medium,Gray,Stripe,NA,Y,6.328,2.121,2.342,3.951,,,,,,,,
6.1LUNEAM,6.1,LU,NE,5,Zebra,M,NA,NA,NA,NA,Y,5.339,1.672,1.968,3.164,,,,,,,,
6.2TBNAM,6.2,TB,N,1,Zebra,J,Medium,Gray,Stripe,NA,Y,2.655,1.03,1.085,1.653,,,,,,,,
6.2TBNAM,6.2,TB,N,2,Zebra,M,NA,NA,NA,NA,Y,4.253,1.589,1.722,2.607,,,,,,,,
6.2TBNAM,6.2,TB,N,3,Zebra,F,NA,NA,NA,NA,Y,7.77,2.083,2.846,4.886,,,,,,,,
6.2TBNAM,6.2,TB,N,4,Zebra,F,NA,NA,NA,NA,Y,7.192,2.142,2.525,4.411,,,,,,,,
6.2TBNAM,6.2,TB,N,5,Zebra,M,NA,NA,NA,NA,Y,5.25,1.422,1.58,3.056,,,,,,,,
6.2TBNAM,6.2,TB,N,6,Zebra,F,NA,NA,NA,NA,Y,7.285,1.713,2.501,4.821,,,,,,,,
6.2TBNAM,6.2,TB,N,7,Zebra,M,NA,NA,NA,NA,Y,4.633,1.524,1.648,2.692,,,,,,,,
6.2TBNAM,6.2,TB,N,8,BHLB,U,NA,NA,NA,NA,N,NA,NA,NA,NA,,,,,,,,
6.2TBNAM,6.2,TB,N,9,Zebra,F,NA,NA,NA,NA,Y,5.589,1.707,2.402,3.656,,,,,,,,
6.2TBNAM,6.2,TB,N,10,Zebra,M,NA,NA,NA,NA,Y,4.468,1.563,1.619,2.525,,,,,,,,
6.2TBNAM,6.2,TB,N,11,Bold,U,NA,NA,NA,NA,Y,11.071,4.039,1.03,6.872,,,,,,,,
6.2TBNAM,6.2,TB,N,12,Zebra,M,NA,NA,NA,NA,Y,4.037,1.412,1.53,2.406,,,,,,,,
6.2TBNAM,6.2,TB,N,13,Zebra,F,NA,NA,NA,NA,Y,6.274,1.865,2.321,3.916,,,,,,,,
6.2TBNAM,6.2,TB,N,14,Bold,U,NA,NA,NA,NA,Y,20.653,6.179,10.834,14.743,,,,,,,,
6.2TBNAM,6.2,TB,N,15,Zebra,J,NA,NA,NA,NA,N,4.535,1.51,1.729,2.965,,,,,,,,
6.2TBNAM,6.2,TB,N,16,Zebra,F,NA,NA,NA,NA,Y,7.041,1.866,2.772,4.929,,,,,,,,
6.2TBNAM,6.2,TB,N,17,Zebra,F,NA,NA,NA,NA,Y,6.565,1.942,2.579,3.892,,,,,,,,
6.2TBNAM,6.2,TB,N,18,Zebra,F,NA,NA,NA,NA,Y,5.666,1.87,1.977,3.176,,,,,,,,
6.2TBNAM,6.2,TB,N,19,Zebra,F,Medium,Gray,Stripe,NA,Y,8.42,2.358,3.391,5.29,,,,,,,,
6.2TBNAM,6.2,TB,N,20,Zebra,F,NA,NA,NA,NA,Y,7.636,1.974,2.967,4.971,,,,,,,,
6.2TBNAM,6.2,TB,N,21,Zebra,F,NA,NA,NA,NA,Y,6.032,1.513,2.151,3.692,,,,,,,,
6.2GFNAMb,6.2,GF,N,1,Zebra,M,NA,NA,NA,NA,Y,6.237,1.912,2.268,3.689,,,,,,,,
6.2GFNAMb,6.2,GF,N,2,Zebra,F,NA,NA,NA,NA,Y,6.274,2.086,2.01,3.715,,,,,,,,
6.2GFNAMb,6.2,GF,N,3,Zebra,F,NA,NA,NA,NA,Y,6.873,1.813,2.576,4.172,,,,,,,,
6.2GFNAMb,6.2,GF,N,4,Zebra,F,Small,Gray,Uknown,NA,Y,7.499,2.23,2.811,4.93,,,,,,,,
6.2GFNAMb,6.2,GF,N,5,Zebra,F,NA,NA,NA,NA,Y,6.576,2.01,2.784,4.295,,,,,,,,
6.2GFNAMb,6.2,GF,N,6,Zebra,F,NA,NA,NA,NA,Y,5.63,1.676,1.866,3.207,,,,,,,,
6.2GLNAMb,6.2,GL,N,1,Zebra,F,NA,NA,NA,NA,Y,5.155,1.748,1.714,2.74,,,,,,,,
6.2GLNAMb,6.2,GL,N,2,Zebra,F,NA,NA,NA,NA,Y,7.347,1.991,2.731,4.91,,,,,,,,
6.2GLNAMb,6.2,GL,N,3,Zebra,F,Medium,Gray,Stripe,NA,Y,4.965,1.355,1.876,3.509,,,,,,,,
6.2GLNAMb,6.2,GL,N,4,Zebra,F,NA,NA,NA,NA,Y,7.356,1.981,2.817,4.547,,,,,,,,
6.2GLNAMb,6.2,GL,N,5,Tan,U,NA,NA,NA,NA,Y,5.338,1.522,1.695,3.169,,,,,,,,
6.2GLNAMb,6.2,GL,N,6,Zebra,F,NA,NA,NA,NA,Y,6.892,1.907,2.426,4.041,,,,,,,,
6.2GLNAMb,6.2,GL,N,7,Zebra,M,NA,NA,NA,NA,Y,4.675,1.542,1.75,2.817,,,,,,,,
6.2GLNAMb,6.2,GL,N,8,Zebra,F,NA,NA,NA,NA,Y,4.96,1.548,1.6,2.652,,,,,,,,
6.2GLNAMb,6.2,GL,N,9,Zebra,M,NA,NA,NA,NA,Y,4.073,1.229,1.518,2.513,,,,,,,,
6.2GLNAMb,6.2,GL,N,10,Zebra,F,NA,NA,NA,NA,Y,6.691,2.044,2.514,4.159,,,,,,,,
6.2GLNAMb,6.2,GL,N,11,Zebra,M,NA,NA,NA,NA,Y,4.137,1.183,1.444,2.496,,,,,,,,
6.2GLNAMb,6.2,GL,N,12,Zebra,M,NA,NA,NA,NA,N,NA,NA,NA,NA,,,,,,,,
6.2GLNAMb,6.2,GL,N,13,Zebra,F,NA,NA,NA,NA,Y,6.296,1.819,2.183,3.693,,,,,,,,
6.2GLNAMb,6.2,GL,N,14,Zebra,F,NA,NA,NA,NA,Y,5.851,1.697,2.099,3.674,,,,,,,,
6.2GLNAMb,6.2,GL,N,15,Zebra,F,NA,NA,NA,NA,Y,6.332,1.792,2.534,4.7,,,,,,,,
6.2GLNAMb,6.2,GL,N,16,Zebra,F,Large,Gray,Stripe,NA,Y,5.954,1.722,1.807,3.224,,,,,,,,
6.2LUNWAM,6.2,LU,NW,1,Zebra,J,NA,NA,NA,NA,Y,3.614,1.037,1.453,2.054,,,,,,,,
6.2LUNWAM,6.2,LU,NW,2,Zebra,M,NA,NA,NA,NA,Y,5.015,1.551,1.912,2.864,,,,,,,,
6.2LUNWAM,6.2,LU,NW,3,Zebra,F,NA,NA,NA,NA,Y,7.201,2.089,2.499,4.544,,,,,,,,
6.2LUNWAM,6.2,LU,NW,4,Zebra,F,NA,NA,NA,NA,Y,6.406,1.911,2.3,3.909,,,,,,,,
6.2LUNWAM,6.2,LU,NW,5,Zebra,J,NA,NA,NA,NA,Y,3.308,1.093,0.998,1.777,,,,,,,,
6.2LUSWAM,6.2,LU,SW,1,Zebra,F,Large,Gray,Stripe,NA,Y,7.677,2.079,2.938,5.317,,,,,,,,
6.2LUSWAM,6.2,LU,SW,2,Zebra,F,Large,Gray,Stripe,NA,Y,6.953,2.144,2.605,4.11,,,,,,,,
6.2LUSWAM,6.2,LU,SW,3,Zebra,F,NA,NA,NA,NA,Y,6.745,1.749,2.4,4.247,,,,,,,,
6.2LUSWAM,6.2,LU,SW,4,Zebra,F,Medium,Gray,Stripe,NA,Y,7.636,2.139,2.767,4.599,,,,,,,,
6.2LUNEAM,6.2,LU,NE,1,Zebra,M,NA,NA,NA,NA,Y,5.192,1.6,1.833,3.018,,,,,,,,
6.2LUNEAM,6.2,LU,NE,2,Zebra,M,NA,NA,NA,NA,N,NA,NA,NA,NA,,,,,,,,
6.2LUNEAM,6.2,LU,NE,3,Zebra,J,NA,NA,NA,NA,Y,3.45,0.98,1.391,2.126,,,,,,,,
6.2LUNEAM,6.2,LU,NE,4,Zebra,J,NA,NA,NA,NA,Y,3.507,0.942,1.384,2.231,,,,,,,,
6.2LUNEAM,6.2,LU,NE,5,Zebra,F,NA,NA,NA,NA,Y,6.088,1.914,2.182,3.985,,,,,,,,
6.2LUNEAM,6.2,LU,NE,6,Zebra,M,NA,NA,NA,NA,Y,4.774,1.467,1.668,2.939,,,,,,,,
6.2SBWAM,6.2,SB,W,1,Zebra,F,NA,NA,NA,NA,Y,5.563,1.647,2.246,3.898,,,,,,,,
6.2SBWAM,6.2,SB,W,2,Zebra,F,NA,NA,NA,NA,Y,6.803,2.054,2.55,4.503,,,,,,,,
6.2LUEAM,6.2,LU,E,1,Zebra,F,NA,NA,NA,NA,N,NA,NA,NA,NA,,,,,,,,
6.2LUEAM,6.2,LU,E,2,Zebra,J,NA,NA,NA,NA,Y,3.19,1.006,0.991,1.659,,,,,,,,
6.2LUEAM,6.2,LU,E,3,Zebra,F,NA,NA,NA,NA,Y,7.438,2.161,2.687,4.716,,,,,,,,
6.2LUEAM,6.2,LU,E,4,Zebra,F,NA,NA,NA,NA,Y,6.75,1.983,2.581,3.921,,,,,,,,
6.2LUEAM,6.2,LU,E,5,Zebra,J,Medium,Gray,Stripe,NA,Y,4.245,1.341,1.826,2.731,,,,,,,,
6.2LUEAM,6.2,LU,E,6,Zebra,F,NA,NA,NA,NA,Y,6.432,1.748,2.691,4.05,,,,,,,,
6.2LUEAM,6.2,LU,E,7,Zebra,F,NA,NA,NA,NA,N,7.127,2.128,2.831,4.493,,,,,,,,
6.2LUSEAM,6.2,LU,SE,1,Zebra,F,Medium,Gray,Stripe,NA,N,NA,NA,NA,NA,,,,,,,,
6.2LUSEAM,6.2,LU,SE,2,Zebra,F,NA,NA,NA,NA,N,NA,NA,NA,NA,,,,,,,,
6.2LUSEAM,6.2,LU,SE,3,Zebra,F,NA,NA,NA,NA,N,NA,NA,NA,NA,,,,,,,,
6.2LUSEAM,6.2,LU,SE,4,Zebra,F,Large,Gray,Stripe,NA,N,NA,NA,NA,NA,,,,,,,,
6.2LUSEAM,6.2,LU,SE,5,Zebra,F,NA,NA,NA,NA,N,NA,NA,NA,NA,,,,,,,,
6.2LUSEAM,6.2,LU,SE,6,Zebra,F,NA,NA,NA,NA,N,NA,NA,NA,NA,,,,,,,,
6.2LUSEAM,6.2,LU,SE,7,Zebra,F,NA,NA,NA,Small moth,N,NA,NA,NA,NA,,,,,,,,
6.3GLNAM,6.3,GL,N,1,Zebra,J,NA,NA,NA,NA,N,5.426,1.423,2.074,3.546,,,,,,,,
6.3GLNAM,6.3,GL,N,2,Zebra,F,Large,Gray,Stripe,NA,N,5.62,1.824,2.36,3.016,,,,,,,,
6.3GLNAM,6.3,GL,N,3,Unknown,U,NA,NA,NA,NA,N,3.992,1.072,1.426,2.106,,,,,,,,
6.3GLNAM,6.3,GL,N,4,Zebra,F,Small,Gray,Stripe,NA,N,5.906,1.783,2.108,3.558,,,,,,,,
6.3GLNAM,6.3,GL,N,5,Zebra,F,Small,Gray,Stripe,NA,N,6.257,1.841,2.486,3.881,,,,,,,,
6.3GLNAM,6.3,GL,N,6,Tan,U,NA,NA,NA,NA,N,11.795,3.254,4.071,7.875,,,,,,,,
6.3GLNAM,6.3,GL,N,7,Zebra,F,Large,Gray,Stripe,NA,N,5.541,1.83,2.13,2.888,,,,,,,,
6.3GLNAM,6.3,GL,N,8,Zebra,F,NA,NA,NA,NA,N,4.838,1.493,1.861,2.789,,,,,,,,
6.3GFNAM,6.3,GF,N,1,Unknown,U,NA,NA,NA,Unknown not midge,Y,6.624,1.96,1.926,3.895,,,,,,,,
6.3GFNAM,6.3,GF,N,2,Unknown,U,NA,NA,NA,NA,Y,5.089,1.665,1.368,3.052,,,,,,,,
6.3GFNAM,6.3,GF,N,3,Zebra,F,Large,Gray,Stripe,NA,Y,6.232,1.819,2.166,3.877,,,,,,,,
6.3GFNAM,6.3,GF,N,4,Zebra,F,NA,NA,NA,NA,Y,5.676,1.665,2.256,3.529,,,,,,,,
6.3GFNAM,6.3,GF,N,5,Zebra,F,NA,NA,NA,NA,Y,7.317,2.145,2.64,4.587,,,,,,,,
6.3GFNAM,6.3,GF,N,6,Unknown,U,NA,NA,NA,NA,Y,5.197,1.915,1.478,2.959,,,,,,,,
6.3GFNAM,6.3,GF,N,7,Zebra,M,NA,NA,NA,NA,Y,4.582,1.622,1.921,2.82,,,,,,,,
6.3GFNAM,6.3,GF,N,8,Zebra,M,NA,NA,NA,NA,Y,5.93,1.77,2.25,3.654,,,,,,,,
6.3GFNAM,6.3,GF,N,9,Zebra,F,Large,Gray,Stripe,NA,Y,6.888,1.994,2.313,4.168,,,,,,,,
6.3GFNAM,6.3,GF,N,10,Zebra,M,Large,Gray,Stripe,NA,Y,4.809,1.751,1.535,3.018,,,,,,,,
6.3GFNAM,6.3,GF,N,11,Zebra,J,Large,Gray,Stripe,NA,Y,3.308,1.129,1.437,2.032,,,,,,,,
6.3GFNAM,6.3,GF,N,12,Zebra,M,Medium,Gray,No stripe,NA,Y,3.746,1.28,1.509,2.247,,,,,,,,
6.3GFNAM,6.3,GF,N,13,Zebra,F,NA,NA,NA,NA,Y,6.129,2.067,2.518,3.461,,,,,,,,
6.3GFNAM,6.3,GF,N,14,Tan,U,NA,NA,NA,NA,Y,7.685,2.832,2.311,4.315,,,,,,,,
6.3GFNAM,6.3,GF,N,15,Zebra,F,NA,NA,NA,NA,Y,6.556,1.919,2.327,4.046,,,,,,,,
6.3GLNPM,6.3,GL,N,1,Zebra,J,NA,NA,NA,NA,Y,4.189,1.121,1.71,2.648,,,,,,,,
6.3GLNPM,6.3,GL,N,2,Zebra,F,NA,NA,NA,NA,Y,5.225,1.512,1.905,3.19,,,,,,,,
6.3GLNPM,6.3,GL,N,3,Zebra,F,Medium,Gray,Stripe,NA,Y,5.324,1.495,2.137,3.37,,,,,,,,
6.3GLNPM,6.3,GL,N,4,Tan,U,NA,NA,NA,NA,Y,11.275,3.331,4.352,7.956,,,,,,,,
6.3GLNPM,6.3,GL,N,5,Zebra,F,Small,Gray,Stripe,NA,Y,6.822,1.997,3.156,4.594,,,,,,,,
6.3GLNPM,6.3,GL,N,6,Zebra,F,Small,Gray,Stripe,NA,Y,6.526,2.033,2.84,4.361,,,,,,,,
6.3GLNPM,6.3,GL,N,7,Zebra,F,NA,NA,NA,NA,Y,7.028,1.83,2.653,4.473,,,,,,,,
6.3GLNPM,6.3,GL,N,8,Zebra,F,NA,NA,NA,Harvestman,Y,7.543,2.054,2.721,4.878,,,,,,,,
6.3GLNPM,6.3,GL,N,9,Zebra,F,NA,NA,NA,NA,N,4.776,1.671,2.144,3.156,,,,,,,,
6.3GLNPM,6.3,GL,N,10,Tan,U,NA,NA,NA,NA,Y,11.535,3.525,4.749,8.154,,,,,,,,
6.3LUSWAM,6.3,LU,SW,1,Zebra,F,NA,NA,NA,NA,Y,6.657,1.893,2.357,4.003,,,,,,,,
6.3LUSWAM,6.3,LU,SW,2,Zebra,F,Medium,Gray,Stripe,NA,Y,5.993,1.745,2.207,3.564,,,,,,,,
6.3LUSWAM,6.3,LU,SW,3,Zebra,F,Medium,Gray,Stripe,NA,Y,6.31,1.836,2.324,3.952,,,,,,,,
6.3LUSWAM,6.3,LU,SW,4,Zebra,F,NA,NA,NA,NA,Y,8.054,2.032,2.986,4.909,,,,,,,,
6.3GFSAM,6.3,GF,S,1,Zebra,J,NA,NA,NA,NA,Y,3.49,1.007,1.278,1.958,,,,,,,,
6.3GFSAM,6.3,GF,S,2,Zebra,J,Small,Black,No stripe,NA,Y,4.492,1.341,1.678,2.466,,,,,,,,
6.3GFSAM,6.3,GF,S,3,Tan,U,NA,NA,NA,NA,Y,8.812,2.647,2.684,5.386,,,,,,,,
6.3GFSAM,6.3,GF,S,4,Zebra,F,NA,NA,NA,NA,Y,5.011,1.717,1.914,2.991,,,,,,,,
6.3GFSAM,6.3,GF,S,5,Zebra,F,NA,NA,NA,NA,Y,6.075,1.404,2.152,3.911,,,,,,,,
6.3GFSAM,6.3,GF,S,6,Zebra,J,NA,NA,NA,NA,N,NA,NA,NA,NA,,,,,,,,
6.3LUSEAM,6.3,LU,SE,1,Zebra,F,NA,NA,NA,NA,Y,6.492,1.781,2.731,4.13,,,,,,,,
6.3LUSEAM,6.3,LU,SE,2,Zebra,F,NA,NA,NA,NA,Y,9.084,2.193,3.307,6.025,,,,,,,,
6.3LUSEAM,6.3,LU,SE,3,Zebra,F,Large,Gray,Stripe,NA,Y,7.682,2.078,2.719,4.403,,,,,,,,
6.3LUSEAM,6.3,LU,SE,4,Zebra,F,NA,NA,NA,NA,Y,7.195,1.953,3.01,4.376,,,,,,,,
6.3LUSEAM,6.3,LU,SE,5,Zebra,F,Medium,Gray,Stripe,NA,Y,7.379,1.879,2.825,4.967,,,,,,,,
6.3GFNPM,6.3,GF,N,1,Zebra,F,NA,NA,NA,NA,Y,4.67,1.506,2.142,3.997,,,,,,,,
6.3GFNPM,6.3,GF,N,2,Zebra,F,Large,Gray,Stripe,NA,Y,7.169,1.988,2.853,4.531,,,,,,,,
6.3GFNPM,6.3,GF,N,3,Zebra,F,NA,NA,NA,NA,Y,5.807,1.807,2.137,3.522,,,,,,,,
6.3GFNPM,6.3,GF,N,4,Unknown,U,NA,NA,NA,NA,Y,6.553,1.426,2.429,4.682,,,,,,,,
6.3GFNPM,6.3,GF,N,5,Zebra,F,NA,NA,NA,NA,Y,7.25,1.997,2.8,4.487,,,,,,,,
6.3GFNPM,6.3,GF,N,6,Zebra,F,NA,NA,NA,Small gray leafhopper,Y,5.873,1.532,2.277,3.588,,,,,,,,
6.3GFNPM,6.3,GF,N,7,Zebra,F,NA,NA,NA,NA,Y,7.892,2.113,3.234,5.33,,,,,,,,
6.3GFNPM,6.3,GF,N,8,Bold,U,NA,NA,NA,Large moth,N,NA,NA,NA,NA,,,,,,,,
6.3GFNPM,6.3,GF,N,9,Zebra,J,NA,NA,NA,NA,Y,2.634,0.86,0.973,1.582,,,,,,,,
6.3GFNPM,6.3,GF,N,10,Tan,U,NA,NA,NA,NA,Y,5.471,1.825,1.788,3.314,,,,,,,,
6.3GFNPM,6.3,GF,N,11,Zebra,F,Large,Gray,Stripe,NA,Y,7.645,1.912,2.87,5.195,,,,,,,,
6.3TBNPM,6.3,TB,N,1,Zebra,M,NA,NA,NA,NA,N,NA,NA,NA,NA,,,,,,,,
6.3TBNPM,6.3,TB,N,2,Zebra,M,NA,NA,NA,NA,N,NA,NA,NA,NA,,,,,,,,
6.3TBNPM,6.3,TB,N,3,Zebra,J,Small,Gray,Stripe,NA,Y,3.372,0.934,1.176,2.191,,,,,,,,
6.3TBNPM,6.3,TB,N,4,Zebra,F,NA,NA,NA,NA,Y,6.043,1.429,2.417,4.058,,,,,,,,
6.3TBNPM,6.3,TB,N,5,Zebra,M,NA,NA,NA,NA,Y,5.159,1.486,2.049,3.008,,,,,,,,
6.3TBNPM,6.3,TB,N,6,Zebra,M,NA,NA,NA,NA,Y,4.743,1.567,1.665,2.813,,,,,,,,
6.3TBNPM,6.3,TB,N,7,Zebra,F,NA,NA,NA,NA,Y,7.214,1.723,2.654,4.643,,,,,,,,
6.3TBNPM,6.3,TB,N,8,Zebra,M,NA,NA,NA,NA,N,NA,NA,NA,NA,,,,,,,,
6.3TBNAM,6.3,TB,N,1,Unknown,U,NA,NA,NA,NA,Y,3.91,1.332,1.328,2.235,,,,,,,,
6.3TBNAM,6.3,TB,N,2,Zebra,F,NA,NA,NA,NA,Y,5.003,1.552,1.915,2.987,,,,,,,,
6.3TBNAM,6.3,TB,N,3,Zebra,F,NA,NA,NA,NA,Y,7.784,2.072,2.864,5.023,,,,,,,,
6.3TBNAM,6.3,TB,N,4,Zebra,M,NA,NA,NA,NA,Y,4.843,1.638,1.749,2.752,,,,,,,,
6.3TBNAM,6.3,TB,N,5,Zebra,F,NA,NA,NA,NA,Y,5.423,1.514,1.907,3.419,,,,,,,,
6.3TBNAM,6.3,TB,N,6,Zebra,M,NA,NA,NA,NA,N,NA,NA,NA,NA,,,,,,,,
6.3TBNAM,6.3,TB,N,7,Zebra,F,NA,NA,NA,NA,Y,4.837,1.336,1.713,2.893,,,,,,,,
6.3TBNAM,6.3,TB,N,8,Zebra,F,Medium,Gray,Stripe,NA,Y,5.203,1.63,1.848,2.934,,,,,,,,
6.3TBNAM,6.3,TB,N,9,Zebra,M,NA,NA,NA,NA,Y,4.252,1.379,1.659,2.545,,,,,,,,
6.3TBNAM,6.3,TB,N,10,Zebra,F,NA,NA,NA,NA,Y,5.82,1.72,2.241,3.506,,,,,,,,
6.3TBNAM,6.3,TB,N,11,Zebra,F,NA,NA,NA,NA,Y,6.336,2.046,2.575,3.795,,,,,,,,
6.3TBNAM,6.3,TB,N,12,Zebra,F,NA,NA,NA,NA,Y,7.379,2.018,2.861,4.52,,,,,,,,
6.3TBNAM,6.3,TB,N,13,Zebra,F,NA,NA,NA,NA,Y,6.32,1.625,2.154,3.831,,,,,,,,
6.3TBNAM,6.3,TB,N,14,Zebra,J,NA,NA,NA,NA,Y,3.76,0.988,1.439,2.272,,,,,,,,
6.3TBNAM,6.3,TB,N,15,Zebra,M,NA,NA,NA,NA,N,NA,NA,NA,NA,,,,,,,,
6.3LUEAM,6.3,LU,E,1,Zebra,F,NA,NA,NA,NA,Y,6.042,1.92,2.362,3.703,,,,,,,,
6.3LUEAM,6.3,LU,E,2,Zebra,F,Large,Gray,Stripe,NA,Y,6.228,1.916,2.355,4.124,,,,,,,,
6.3LUEAM,6.3,LU,E,3,Zebra,J,Medium,Gray,Stripe,NA,Y,3.323,0.983,1.229,2.093,,,,,,,,
6.3LUEAM,6.3,LU,E,4,Zebra,J,NA,NA,NA,NA,Y,3.323,1.098,1.223,1.9,,,,,,,,
6.3LUNWAM,6.3,LU,NW,1,Unknown,U,NA,NA,NA,NA,Y,2.305,0.9,0.961,1.183,,,,,,,,
6.3LUNWAM,6.3,LU,NW,2,Zebra,F,NA,NA,NA,NA,Y,7.389,2.069,2.849,4.541,,,,,,,,
6.3LUNWAM,6.3,LU,NW,3,Zebra,M,NA,NA,NA,NA,Y,4.952,1.643,1.763,2.942,,,,,,,,
6.3LUNWAM,6.3,LU,NW,4,Zebra,F,Medium,Gray,Stripe,NA,Y,6.307,2.135,2.613,3.838,,,,,,,,
6.3LUNWAM,6.3,LU,NW,5,Zebra,J,NA,NA,NA,NA,Y,3.758,0.938,1.372,2.32,,,,,,,,
6.3LUNWAM,6.3,LU,NW,6,Zebra,F,Medium,Gray,Stripe,NA,Y,7.734,1.994,2.937,5.102,,,,,,,,
6.3DHNWAM,6.3,DH,NW,1,Zebra,J,NA,NA,NA,NA,Y,3.516,0.869,1.416,2.173,,,,,,,,
6.3DHNWAM,6.3,DH,NW,2,Zebra,M,NA,NA,NA,NA,N,NA,NA,NA,NA,,,,,,,,
6.3DHNWAM,6.3,DH,NW,3,Zebra,F,NA,NA,NA,NA,Y,7.732,1.95,2.884,5.293,,,,,,,,
6.3DHNWAM,6.3,DH,NW,4,Zebra,F,Medium,Gray,Stripe,NA,Y,6.079,1.864,2.175,3.973,,,,,,,,
6.3DHNWAM,6.3,DH,NW,5,Zebra,M,Small,Unknown,Unknown,NA,Y,5.513,1.829,1.916,3.446,,,,,,,,
6.3DHNWAM,6.3,DH,NW,6,Zebra,M,NA,NA,NA,NA,N,NA,NA,NA,NA,,,,,,,,
6.3DHNWAM,6.3,DH,NW,7,Zebra,J,NA,NA,NA,NA,Y,3.712,0.982,1.367,2.426,,,,,,,,
6.3DHNWAM,6.3,DH,NW,8,Unknown,U,NA,NA,NA,NA,Y,5.627,1.751,3.004,3.992,,,,,,,,
6.3DHNWAM,6.3,DH,NW,9,Zebra,F,NA,NA,NA,NA,Y,7.442,1.738,2.658,4.935,,,,,,,,
6.3DHNWAM,6.3,DH,NW,10,Zebra,M,Medium,Gray,Stripe,NA,Y,5.025,1.602,1.972,2.967,,,,,,,,
6.3DHNWAM,6.3,DH,NW,11,Unknown,U,NA,NA,NA,NA,Y,3.909,1.551,1.658,2.114,,,,,,,,
6.3DHNWAM,6.3,DH,NW,12,Zebra,F,NA,NA,NA,NA,Y,5.475,1.54,2.258,3.852,,,,,,,,
6.3LUNEAM,6.3,LU,NE,1,Zebra,F,Small,Gray,Stripe,NA,Y,6.507,1.877,2.335,3.976,,,,,,,,
6.3LUNEAM,6.3,LU,NE,2,Zebra,J,Medium,Gray,Stripe,NA,Y,3.277,0.913,1.209,1.875,,,,,,,,
6.3LUNEAM,6.3,LU,NE,3,Zebra,F,Small,Black,No stripe,NA,Y,6.825,1.899,2.763,4.488,,,,,,,,
6.3LUNEAM,6.3,LU,NE,4,Zebra,M,NA,NA,NA,NA,Y,4.762,1.435,1.489,2.513,,,,,,,,
6.3LUNEAM,6.3,LU,NE,5,Zebra,F,Large,Gray,Stripe,NA,Y,5.871,1.908,2.498,3.772,,,,,,,,
6.3LUNEAM,6.3,LU,NE,6,Zebra,F,NA,NA,NA,NA,Y,6.968,2.146,1.901,4.482,,,,,,,,
6.3LUNEAM,6.3,LU,NE,7,Zebra,M,NA,NA,NA,NA,N,NA,NA,NA,NA,,,,,,,,
6.3LUNEAM,6.3,LU,NE,8,Zebra,J,NA,NA,NA,NA,Y,3.52,1.095,1.38,2.191,,,,,,,,
6.3LUNEAM,6.3,LU,NE,9,Zebra,F,Small,Gray,Stripe,NA,Y,7.164,2.051,2.705,4.688,,,,,,,,
6.3LUNEAM,6.3,LU,NE,10,Unknown,U,NA,NA,NA,NA,Y,6.568,1.169,0.98,1.753,,,,,,,,
6.3LUNEAM,6.3,LU,NE,11,Zebra,M,NA,NA,NA,NA,Y,4.504,1.502,1.777,2.744,,,,,,,,
6.3LUNEAM,6.3,LU,NE,12,Zebra,M,NA,NA,NA,NA,Y,5.549,1.735,1.892,3.38,,,,,,,,
6.3LUNEAM,6.3,LU,NE,13,Zebra,F,NA,NA,NA,NA,Y,6.005,1.784,2.592,3.514,,,,,,,,
6.4GLNAM,6.4,GL,N,1,Zebra,F,Medium,Gray,Stripe,NA,Y,6.754,1.927,2.378,3.951,,,,,,,,
6.4GLNAM,6.4,GL,N,2,Unknown,U,NA,NA,NA,NA,N,NA,NA,NA,NA,,,,,,,,
6.4GLNAM,6.4,GL,N,3,Zebra,M,NA,NA,NA,NA,Y,4.497,1.569,1.632,2.475,,,,,,,,
6.4GLNAM,6.4,GL,N,4,Zebra,F,Medium,Gray,Stripe,NA,Y,4.62,1.572,1.898,2.781,,,,,,,,
6.4GLNAM,6.4,GL,N,5,Unknown,U,Medium,Gray,No stripe,NA,Y,3.766,1.224,1.112,2.187,,,,,,,,
6.4GLNAM,6.4,GL,N,6,Unknown,U,NA,NA,NA,NA,Y,4.813,1.539,1.692,2.846,,,,,,,,
6.4GLNAM,6.4,GL,N,7,Zebra,F,Medium,Gray,Stripe,NA,Y,6.264,1.98,2.044,3.804,,,,,,,,
6.4GLNAM,6.4,GL,N,8,Zebra,F,Large,Gray,Stripe,NA,Y,6.328,1.682,2.493,3.913,,,,,,,,
6.4GLNAM,6.4,GL,N,9,Tan,U,NA,NA,NA,NA,Y,14.344,3.9,5.755,9.318,,,,,,,,
6.4DHNWAM,6.4,DH,NW,1,Zebra,F,Medium,Gray,Stripe,NA,Y,5.846,2.015,2.414,3.515,,,,,,,,
6.4DHNWAM,6.4,DH,NW,2,Zebra,M,NA,NA,NA,NA,Y,4.133,1.338,1.314,2.498,,,,,,,,
6.4DHNWAM,6.4,DH,NW,3,Zebra,F,Medium,Gray,Stripe,NA,Y,6.906,1.941,2.88,4.494,,,,,,,,
6.4DHNWAM,6.4,DH,NW,4,Unknown,U,NA,NA,NA,NA,Y,5.557,1.748,3.029,3.85,,,,,,,,
6.4DHNWAM,6.4,DH,NW,5,Zebra,F,Medium,Gray,Stripe,NA,Y,6.808,2.076,2.794,4.184,,,,,,,,
6.4DHNWAM,6.4,DH,NW,6,Zebra,F,Medium,Gray,Stripe,NA,Y,7.503,2.084,3.171,4.94,,,,,,,,
6.4DHNWAM,6.4,DH,NW,7,Unknown,U,NA,NA,NA,NA,Y,3.694,1.16,1.351,2.264,,,,,,,,
6.4DHNWAM,6.4,DH,NW,8,Zebra,F,Medium,Gray,Stripe,NA,Y,6.149,1.928,2.48,3.602,,,,,,,,
6.4DHNWAM,6.4,DH,NW,9,Zebra,M,NA,NA,NA,NA,Y,3.39,1.45,1.625,2.284,,,,,,,,
6.4DHNWAM,6.4,DH,NW,10,Zebra,F,Small,Gray,Stripe,NA,Y,5.815,1.883,2.461,4.251,,,,,,,,
6.4GFNAM,6.4,GF,N,1,Zebra,M,NA,NA,NA,NA,Y,5.266,1.88,1.624,2.7,,,,,,,,
6.4GFNAM,6.4,GF,N,2,Tan,U,NA,NA,NA,NA,Y,12.034,3.776,4.837,8.473,,,,,,,,
6.4GFNAM,6.4,GF,N,3,Zebra,F,Medium,Gray,Stripe,NA,Y,6.434,2.168,2.525,3.744,,,,,,,,
6.4GFNAM,6.4,GF,N,4,Zebra,M,NA,NA,NA,NA,Y,5.305,1.606,1.635,2.823,,,,,,,,
6.4GFNAM,6.4,GF,N,5,Zebra,F,Medium,Gray,Stripe,NA,Y,8.11,2.203,2.764,5.077,,,,,,,,
6.4GFNAM,6.4,GF,N,6,Zebra,J,NA,NA,NA,NA,Y,3.632,1.152,1.443,2.144,,,,,,,,
6.4GFNAM,6.4,GF,N,7,Zebra,F,NA,NA,NA,NA,N,NA,NA,NA,NA,,,,,,,,
6.4GFNAM,6.4,GF,N,8,Zebra,M,NA,NA,NA,NA,Y,5.134,1.392,1.964,3.259,,,,,,,,
6.4GFNAM,6.4,GF,N,9,Unknown,U,NA,NA,NA,NA,N,NA,NA,NA,NA,,,,,,,,
6.4GFNAM,6.4,GF,N,10,Unknown,U,NA,NA,NA,NA,Y,4.55,1.319,1.565,2.626,,,,,,,,
6.4GFNAM,6.4,GF,N,11,Zebra,M,NA,NA,NA,NA,Y,5.298,1.497,1.815,3.557,,,,,,,,
6.4GFNAM,6.4,GF,N,12,Unknown,U,Medium,Gray,Stripe,NA,Y,5.733,1.773,1.546,3.516,,,,,,,,
6.4LUSWAM,6.4,LU,SW,1,Zebra,F,NA,NA,NA,NA,Y,6.91,1.932,2.683,4.368,,,,,,,,
6.4LUSWAM,6.4,LU,SW,2,Zebra,F,NA,NA,NA,NA,Y,6.999,1.761,2.736,4.775,,,,,,,,
6.4LUSWAM,6.4,LU,SW,3,Zebra,F,Medium,Gray,Stripe,NA,N,NA,NA,NA,NA,,,,,,,,
6.4LUSWAM,6.4,LU,SW,4,Zebra,F,Medium,Gray,Stripe,NA,Y,8.055,2.182,2.996,4.884,,,,,,,,
6.4LUSWAM,6.4,LU,SW,5,Zebra,J,Small,Gray,Stripe,NA,Y,4.792,1.376,1.701,2.847,,,,,,,,
6.4LUSWAM,6.4,LU,SW,6,Zebra,M,NA,NA,NA,NA,Y,2.952,0.932,1.247,1.647,,,,,,,,
6.4LUNWAM,6.4,LU,NW,1,Zebra,M,Medium,Gray,Stripe,NA,Y,5.532,1.596,1.708,3.294,,,,,,,,
6.4LUNWAM,6.4,LU,NW,2,Zebra,J,NA,NA,NA,NA,Y,4.235,1.309,1.467,2.632,,,,,,,,
6.4LUNWAM,6.4,LU,NW,3,Zebra,F,Medium,Gray,Stripe,NA,Y,6.355,1.861,2.337,3.644,,,,,,,,
6.4LUNWAM,6.4,LU,NW,4,Zebra,M,NA,NA,NA,NA,N,NA,NA,NA,NA,,,,,,,,
6.4LUNWAM,6.4,LU,NW,5,Zebra,F,Small,Gray,Stripe,NA,Y,5.447,1.749,2.2,3.165,,,,,,,,
6.4SBNAM,6.4,SB,N,1,Zebra,F,Medium,Gray,Stripe,NA,Y,6.751,1.998,2.089,3.909,,,,,,,,
6.4SBNAM,6.4,SB,N,2,Zebra,J,NA,NA,NA,NA,Y,3.492,1.172,1.106,1.895,,,,,,,,
6.4SBNAM,6.4,SB,N,3,Zebra,F,Large,Gray,Stripe,NA,Y,7.915,2.2,2.892,4.961,,,,,,,,
6.4SBNAM,6.4,SB,N,4,Zebra,M,NA,NA,NA,NA,Y,4.995,1.637,1.881,2.976,,,,,,,,
6.4LUEAM,6.4,LU,E,1,Zebra,M,NA,NA,NA,NA,Y,4.797,1.415,1.672,2.811,,,,,,,,
6.4LUEAM,6.4,LU,E,2,Zebra,F,NA,NA,NA,NA,Y,5.897,1.78,2.36,3.676,,,,,,,,
6.4LUEAM,6.4,LU,E,3,Zebra,M,NA,NA,NA,NA,Y,4.32,1.499,1.941,2.705,,,,,,,,
6.4LUEAM,6.4,LU,E,4,Zebra,J,NA,NA,NA,NA,Y,3.071,1.01,1.184,1.984,,,,,,,,
6.4LUEAM,6.4,LU,E,5,Zebra,F,NA,NA,NA,NA,N,NA,NA,NA,NA,,,,,,,,
6.4LUEAM,6.4,LU,E,6,Zebra,M,NA,NA,NA,NA,Y,5.811,1.872,2.017,3.167,,,,,,,,
6.4LUEAM,6.4,LU,E,7,Zebra,F,NA,NA,NA,NA,Y,8.08,2.362,2.823,5.23,,,,,,,,
6.4LUSEAM,6.4,LU,SE,1,Zebra,F,NA,NA,NA,NA,Y,5.166,1.562,2.112,3.002,,,,,,,,
6.4LUSEAM,6.4,LU,SE,2,Zebra,J,Small,Gray,Stripe,NA,Y,4.369,1.493,1.736,2.591,,,,,,,,
6.4LUSEAM,6.4,LU,SE,3,Zebra,F,NA,NA,NA,NA,Y,NA,NA,NA,NA,,,,,,,,
6.4SBWAM,6.4,SB,W,1,Zebra,J,Medium,Gray,Stripe,NA,Y,3.901,1.284,1.681,2.584,,,,,,,,
6.4SBWAM,6.4,SB,W,2,Zebra,M,NA,NA,NA,NA,Y,4.838,1.439,1.612,3.111,,,,,,,,
6.4SBWAM,6.4,SB,W,3,Zebra,F,Small,Gray,Stripe,NA,Y,4.796,1.646,1.783,2.948,,,,,,,,
6.4SBWAM,6.4,SB,W,4,Zebra,M,NA,NA,NA,NA,Y,4.983,1.399,1.813,2.744,,,,,,,,
6.4SBWAM,6.4,SB,W,5,Zebra,M,NA,NA,NA,NA,Y,5.319,1.753,1.96,3.376,,,,,,,,
6.4LUNEAM,6.4,LU,NE,1,Zebra,J,NA,NA,NA,NA,Y,3.448,0.916,1.392,1.949,,,,,,,,
6.4LUNEAM,6.4,LU,NE,2,Zebra,M,NA,NA,NA,NA,N,NA,NA,NA,NA,,,,,,,,
6.4LUNEAM,6.4,LU,NE,3,Zebra,J,Medium,Gray,Stripe,NA,Y,3.718,0.864,1.458,2.339,,,,,,,,
6.4LUNEAM,6.4,LU,NE,4,Zebra,J,Medium,Gray,Stripe,NA,Y,3.222,0.889,1.227,2.156,,,,,,,,
6.4LUNEAM,6.4,LU,NE,5,Zebra,J,Large,Gray,Stripe,NA,Y,3.317,0.915,1.229,2.13,,,,,,,,
6.4LUNEAM,6.4,LU,NE,6,Zebra,F,NA,NA,NA,NA,Y,7.317,1.724,2.766,4.49,,,,,,,,
6.4LUNEAM,6.4,LU,NE,7,Zebra,J,Medium,Gray,Stripe,NA,Y,3.19,0.906,1.413,2.008,,,,,,,,
6.4LUNEAM,6.4,LU,NE,8,Zebra,F,Medium,Gray,Stripe,NA,Y,7.692,2.035,2.752,4.856,,,,,,,,
6.4LUNEAM,6.4,LU,NE,9,Zebra,M,NA,NA,NA,NA,Y,5.446,1.69,1.927,3.331,,,,,,,,
6.4LUNEAM,6.4,LU,NE,10,Zebra,F,Medium,Gray,Stripe,NA,Y,6.692,1.945,2.175,3.535,,,,,,,,
6.4LUNEAM,6.4,LU,NE,11,Zebra,F,Medium,Gray,Stripe,NA,Y,6.371,2.022,2.255,4.136,,,,,,,,
6.4LUNEAM,6.4,LU,NE,12,Zebra,F,Medium,Gray,Stripe,NA,Y,7.468,2.383,3.076,4.702,,,,,,,,
6.4LUNEAM,6.4,LU,NE,13,Zebra,F,Large,Gray,Stripe,NA,Y,5.664,1.646,2.058,3.419,,,,,,,,
6.4TBNAM,6.4,TB,N,1,Zebra,J,Medium,Gray,Stripe,NA,Y,3.806,1.013,1.253,2.401,,,,,,,,
6.4TBNAM,6.4,TB,N,2,Zebra,M,NA,NA,NA,NA,N,NA,NA,NA,NA,,,,,,,,
6.4TBNAM,6.4,TB,N,3,Zebra,F,NA,NA,NA,NA,Y,5.9,1.992,1.944,3.329,,,,,,,,
6.4TBNAM,6.4,TB,N,4,Zebra,M,NA,NA,NA,NA,Y,5.481,2.099,2.097,3.368,,,,,,,,
6.4TBNAM,6.4,TB,N,5,Zebra,M,NA,NA,NA,NA,Y,4.58,1.434,1.538,2.633,,,,,,,,
6.4TBNAM,6.4,TB,N,6,Zebra,F,NA,NA,NA,NA,Y,6.023,1.82,2.275,3.91,,,,,,,,
6.4TBNAM,6.4,TB,N,7,Zebra,M,NA,NA,NA,NA,Y,4.627,1.472,1.656,2.693,,,,,,,,
6.4TBNAM,6.4,TB,N,8,Zebra,F,Medium,Gray,Stripe,NA,Y,7.764,1.998,2.83,4.842,,,,,,,,
6.4TBNAM,6.4,TB,N,9,Zebra,F,NA,NA,NA,NA,Y,6.528,1.965,2.363,3.936,,,,,,,,
6.4TBNAM,6.4,TB,N,10,Unknown,U,NA,NA,NA,NA,Y,5.208,1.591,2.117,3.792,,,,,,,,
6.4TBNAM,6.4,TB,N,11,Zebra,F,NA,NA,NA,NA,Y,5.259,1.786,1.944,2.982,,,,,,,,
6.4TBNAM,6.4,TB,N,12,Zebra,F,NA,NA,NA,NA,Y,6.674,1.87,2.64,4.486,,,,,,,,
6.4TBNAM,6.4,TB,N,13,Zebra,F,NA,NA,NA,NA,Y,6.091,1.868,2.315,3.792,,,,,,,,
6.4TBNAM,6.4,TB,N,14,Zebra,M,NA,NA,NA,NA,Y,4.223,1.356,1.535,2.45,,,,,,,,
6.5DHNWAM,6.5,DH,NW,1,Zebra,M,NA,NA,NA,NA,Y,6.015,1.826,2.001,3.054,,,,,,,,
6.5DHNWAM,6.5,DH,NW,2,Zebra,M,NA,NA,NA,NA,Y,4.465,1.409,1.603,2.636,,,,,,,,
6.5DHNWAM,6.5,DH,NW,3,Zebra,F,NA,NA,NA,NA,Y,7.299,1.942,2.884,5.31,,,,,,,,
6.5DHNWAM,6.5,DH,NW,4,Zebra,F,NA,NA,NA,NA,Y,7.991,1.941,2.729,5.676,,,,,,,,
6.5DHNWAM,6.5,DH,NW,5,Zebra,F,Medium,Gray,Stripe,NA,Y,7.1,2.252,3.001,4.155,,,,,,,,
6.5DHNWAM,6.5,DH,NW,6,Zebra,F,NA,NA,NA,NA,Y,7.674,1.937,2.939,4.827,,,,,,,,
6.5DHNWAM,6.5,DH,NW,7,Zebra,J,NA,NA,NA,NA,N,NA,NA,NA,NA,,,,,,,,
6.5LUWAM,6.5,LU,W,1,Zebra,M,NA,NA,NA,NA,Y,4.851,1.236,1.749,3.105,,,,,,,,
6.5LUWAM,6.5,LU,W,2,Zebra,F,Medium,Gray,Stripe,NA,N,NA,NA,NA,NA,,,,,,,,
6.5LUWAM,6.5,LU,W,3,Zebra,F,Unknown,Unknown,Unknown,NA,Y,8.131,1.986,3.134,5.206,,,,,,,,
6.5LUWAM,6.5,LU,W,4,Tan,U,NA,NA,NA,NA,Y,5.492,1.738,2.449,3.587,,,,,,,,
6.5LUSWAM,6.5,LU,SW,1,Zebra,M,Medium,Gray,Stripe,NA,Y,4.603,1.587,1.594,2.471,,,,,,,,
6.5LUSWAM,6.5,LU,SW,2,BHLB,U,Large,Gray,Stripe,NA,Y,5.079,1.401,2.075,3.581,,,,,,,,
6.5LUSWAM,6.5,LU,SW,3,Zebra,F,NA,NA,NA,NA,Y,5.623,1.685,2.258,3.677,,,,,,,,
6.5LUSWAM,6.5,LU,SW,4,Zebra,J,Small,Gray,Unknown,NA,Y,4.775,1.266,1.808,3.059,,,,,,,,
6.5LUSWAM,6.5,LU,SW,5,Zebra,J,Medium,Gray,Stripe,NA,N,NA,NA,NA,NA,,,,,,,,
6.5SBNAM,6.5,SB,N,1,Zebra,F,Medium,Gray,Stripe,NA,N,NA,NA,NA,NA,,,,,,,,
6.5SBNAM,6.5,SB,N,2,Zebra,F,NA,NA,NA,NA,N,NA,NA,NA,NA,,,,,,,,
6.5SBNAM,6.5,SB,N,3,Zebra,M,NA,NA,NA,NA,Y,5.839,1.865,1.942,3.304,,,,,,,,
6.5SBNAM,6.5,SB,N,4,Zebra,M,NA,NA,NA,NA,Y,4.609,1.329,1.711,2.716,,,,,,,,
6.5SBNAM,6.5,SB,N,5,Zebra,M,NA,NA,NA,NA,N,NA,NA,NA,NA,,,,,,,,
6.5SBNAM,6.5,SB,N,6,Zebra,J,Small,Gray,Unknown,NA,Y,3.816,1.09,1.451,2.269,,,,,,,,
6.5SBNAM,6.5,SB,N,7,Zebra,F,NA,NA,NA,NA,Y,5.906,1.656,2.274,3.477,,,,,,,,
6.5SBNAM,6.5,SB,N,8,Zebra,F,NA,NA,NA,NA,Y,7.827,1.966,2.819,5.395,,,,,,,,
6.5SBNAM,6.5,SB,N,9,Zebra,F,Medium,Gray,Stripe,NA,Y,5.368,1.709,1.674,3.062,,,,,,,,
6.5SBNAM,6.5,SB,N,10,Zebra,M,NA,NA,NA,NA,Y,4.816,1.579,1.629,2.811,,,,,,,,
6.5TBNAM,6.5,TB,N,1,Zebra,F,NA,NA,NA,NA,N,NA,NA,NA,NA,,,,,,,,
6.5TBNAM,6.5,TB,N,2,Zebra,M,NA,NA,NA,NA,Y,4.743,1.564,1.709,2.686,,,,,,,,
6.5TBNAM,6.5,TB,N,3,Zebra,J,Medium,Gray,Stripe,NA,Y,4.267,1.321,1.429,2.41,,,,,,,,
6.5TBNAM,6.5,TB,N,4,Zebra,J,NA,NA,NA,Leafhopper,Y,3.808,0.938,1.278,2.359,,,,,,,,
6.5TBNAM,6.5,TB,N,5,Zebra,F,Medium,Gray,Stripe,NA,Y,7.454,2.071,2.562,4.408,,,,,,,,
6.5TBNAM,6.5,TB,N,6,Zebra,M,NA,NA,NA,NA,Y,5.536,1.673,1.915,3.133,,,,,,,,
6.5TBNAM,6.5,TB,N,7,Zebra,M,NA,NA,NA,NA,Y,5.604,1.51,1.816,3.053,,,,,,,,
6.5TBNAM,6.5,TB,N,8,Zebra,F,Large,Gray,Stripe,NA,N,NA,NA,NA,NA,,,,,,,,
6.5TBNAM,6.5,TB,N,9,Zebra,M,NA,NA,NA,NA,Y,5.137,1.479,1.818,3.005,,,,,,,,
6.5TBNAM,6.5,TB,N,10,Zebra,F,Medium,Gray,Stripe,NA,Y,6.227,1.898,2.262,3.969,,,,,,,,
6.5TBNAM,6.5,TB,N,11,Zebra,M,NA,NA,NA,NA,N,NA,NA,NA,NA,,,,,,,,
6.5TBNAM,6.5,TB,N,12,Zebra,M,NA,NA,NA,NA,Y,4.654,1.541,1.634,2.56,,,,,,,,
6.5TBNAM,6.5,TB,N,13,Zebra,F,Medium,Gray,Stripe,NA,Y,7.604,1.852,3.203,4.71,,,,,,,,
6.5TBNAM,6.5,TB,N,14,Zebra,F,Large,Gray,Stripe,NA,Y,7.968,2.1,2.665,4.693,,,,,,,,
6.5TBNAM,6.5,TB,N,15,Zebra,F,NA,NA,NA,NA,Y,6.352,1.921,2.344,3.746,,,,,,,,
6.5TBNAM,6.5,TB,N,16,Zebra,F,NA,NA,NA,NA,Y,7.091,1.902,2.569,4.39,,,,,,,,
6.5TBNAM,6.5,TB,N,17,Zebra,F,NA,NA,NA,NA,Y,7.227,2.193,2.412,4.194,,,,,,,,
6.5TBNAM,6.5,TB,N,18,Zebra,M,NA,NA,NA,NA,Y,4.731,1.43,1.587,2.755,,,,,,,,
6.5TBNAM,6.5,TB,N,19,Zebra,F,Medium,Gray,Stripe,NA,N,NA,NA,NA,NA,,,,,,,,
6.5TBNAM,6.5,TB,N,20,Zebra,F,NA,NA,NA,NA,Y,7.763,1.908,2.949,5.07,,,,,,,,
6.5LUNWPM,6.5,LU,NW,1,Zebra,F,Small,Gray,Unknown,NA,Y,6.065,1.531,2.285,3.883,,,,,,,,
6.5LUNWPM,6.5,LU,NW,2,Zebra,F,Medium,Gray,Stripe,NA,Y,6.363,1.774,2.206,4.107,,,,,,,,
6.5LUNWPM,6.5,LU,NW,3,Zebra,M,NA,NA,NA,NA,Y,6.236,2.009,2.465,3.595,,,,,,,,
6.5LUNEPM,6.5,LU,NE,1,Zebra,J,NA,NA,NA,NA,Y,3.915,1.039,1.477,2.652,,,,,,,,
6.5LUNEPM,6.5,LU,NE,2,Zebra,M,NA,NA,NA,NA,N,NA,NA,NA,NA,,,,,,,,
6.5LUNEPM,6.5,LU,NE,3,Zebra,F,NA,NA,NA,NA,Y,6.604,1.614,2.404,4.155,,,,,,,,
6.5LUNEPM,6.5,LU,NE,4,Zebra,M,NA,NA,NA,NA,Y,4.91,1.276,1.636,2.78,,,,,,,,
6.5TBNPM,6.5,TB,N,1,Zebra,F,NA,NA,NA,NA,Y,6.77,1.723,2.554,4.331,,,,,,,,
6.5TBNPM,6.5,TB,N,2,Zebra,M,NA,NA,NA,NA,Y,4.073,1.162,1.566,2.517,,,,,,,,
6.5TBNPM,6.5,TB,N,3,Zebra,M,NA,NA,NA,NA,Y,5.204,1.756,1.926,2.923,,,,,,,,
6.5TBNPM,6.5,TB,N,4,Zebra,M,NA,NA,NA,NA,N,NA,NA,NA,NA,,,,,,,,
6.5TBNPM,6.5,TB,N,5,Zebra,M,NA,NA,NA,NA,Y,4.282,1.272,1.591,2.469,,,,,,,,
6.5TBNPM,6.5,TB,N,6,Zebra,J,NA,NA,NA,NA,Y,2.917,0.871,1.081,1.731,,,,,,,,
6.5TBNPM,6.5,TB,N,7,Zebra,F,NA,NA,NA,NA,N,7.118,1.886,2.811,4.599,,,,,,,,
6.5TBNPM,6.5,TB,N,8,Zebra,F,NA,NA,NA,NA,Y,7.475,1.96,2.701,4.587,,,,,,,,
6.5TBNPM,6.5,TB,N,9,Zebra,F,NA,NA,NA,NA,Y,6.182,1.74,2.353,3.358,,,,,,,,
6.5TBNPM,6.5,TB,N,10,Zebra,F,NA,NA,NA,NA,Y,5.57,1.623,2.016,3.332,,,,,,,,
6.5TBNPM,6.5,TB,N,11,Zebra,F,NA,NA,NA,NA,Y,6.704,1.522,2.471,4.485,,,,,,,,
6.5TBNPM,6.5,TB,N,12,Zebra,M,NA,NA,NA,NA,N,NA,NA,NA,NA,,,,,,,,
6.5TBNPM,6.5,TB,N,13,Zebra,F,NA,NA,NA,NA,N,NA,NA,NA,NA,,,,,,,,
6.5GFNPM,6.5,GF,N,1,Zebra,F,Small,Gray,Stripe,NA,Y,7.642,2.101,2.657,4.517,,,,,,,,
6.5GFNPM,6.5,GF,N,2,Zebra,F,Small,Gray,Unknown,NA,Y,6.384,1.703,2.149,3.854,,,,,,,,
6.5GFNPM,6.5,GF,N,3,Tan,U,NA,NA,NA,NA,Y,7.104,2.018,2.649,4.462,,,,,,,,
6.5GFNPM,6.5,GF,N,4,Zebra,F,NA,NA,NA,NA,Y,6.533,1.901,2.38,4.248,,,,,,,,
6.5GLNPM,6.5,GL,N,1,Tan,U,NA,NA,NA,NA,Y,6.905,2.071,2.064,4.082,,,,,,,,
6.5GLNPM,6.5,GL,N,2,Tan,U,NA,NA,NA,NA,Y,6.312,2.052,2.329,3.677,,,,,,,,
6.5GLNPM,6.5,GL,N,3,Zebra,J,NA,NA,NA,NA,Y,NA,NA,NA,NA,,,,,,,,
6.5GLNPM,6.5,GL,N,4,Tan,U,NA,NA,NA,NA,Y,3.377,1.167,0.987,1.899,,,,,,,,
6.5GLNPM,6.5,GL,N,5,Tan,U,Medium,Gray,Stripe,NA,Y,5.643,1.528,2.007,3.812,,,,,,,,
6.5GLNPM,6.5,GL,N,6,Zebra,F,NA,NA,NA,NA,Y,6.15,1.713,2.407,3.866,,,,,,,,
6.5GLNPM,6.5,GL,N,7,Tan,U,Medium,Gray,Stripe,NA,Y,8.63,2.652,2.614,5.087,,,,,,,,
6.5GLNPM,6.5,GL,N,8,Tan,U,NA,NA,NA,NA,Y,6.132,1.605,2.163,3.983,,,,,,,,
6.5GLNPM,6.5,GL,N,9,Tan,U,NA,NA,NA,NA,Y,5.777,1.629,2.025,3.606,,,,,,,,
6.5GLNPM,6.5,GL,N,10,Zebra,F,Large,Gray,Stripe,NA,Y,7.604,1.98,2.929,5.286,,,,,,,,
6.5GLNPM,6.5,GL,N,11,Zebra,M,NA,NA,NA,NA,Y,4.936,1.349,1.605,2.988,,,,,,,,
6.5GLNPM,6.5,GL,N,12,Zebra,M,NA,NA,NA,NA,Y,4.84,1.498,1.514,2.571,,,,,,,,
6.5GLNPM,6.5,GL,N,13,Zebra,F,Medium,Gray,Stripe,NA,Y,5.133,1.797,2.202,3.101,,,,,,,,
6.5GLNPM,6.5,GL,N,14,Zebra,F,Small,Gray,Stripe,NA,Y,7.931,2.072,2.906,5.014,,,,,,,,
6.5LUSEAM,6.5,LU,SE,1,Zebra,J,Medium,Gray,Stripe,NA,Y,4.838,1.433,2.044,3.119,,,,,,,,
6.5LUSEAM,6.5,LU,SE,2,Zebra,M,NA,NA,NA,NA,Y,5.088,1.644,1.74,3.098,,,,,,,,
6.5LUSEAM,6.5,LU,SE,3,Zebra,F,NA,NA,NA,NA,Y,7.625,2.219,2.797,4.643,,,,,,,,
6.5LUSEAM,6.5,LU,SE,4,Zebra,F,Medium,Gray,Stripe,NA,Y,7.157,1.949,2.818,4.713,,,,,,,,
6.5LUSEAM,6.5,LU,SE,5,Zebra,M,NA,NA,NA,NA,N,NA,NA,NA,NA,,,,,,,,
6.5LUEAM,6.5,LU,E,1,Zebra,F,NA,NA,NA,NA,Y,5.318,1.752,2.106,3.19,,,,,,,,
6.5LUEAM,6.5,LU,E,2,Zebra,F,Medium,Gray,Stripe,NA,Y,6.567,1.91,2.383,4.071,,,,,,,,
6.5LUEAM,6.5,LU,E,3,Zebra,J,NA,NA,NA,NA,Y,4.513,1.125,1.574,2.889,,,,,,,,
6.5LUEAM,6.5,LU,E,4,Zebra,J,NA,NA,NA,NA,Y,3.181,1.065,1.205,1.964,,,,,,,,
6.5LUEAM,6.5,LU,E,5,Zebra,F,NA,NA,NA,NA,N,NA,NA,NA,NA,,,,,,,,
6.5LUEAM,6.5,LU,E,6,Zebra,F,Medium,Gray,Stripe,NA,Y,8.262,2.135,2.878,5.391,,,,,,,,
6.5LUEAM,6.5,LU,E,7,Zebra,J,NA,NA,NA,NA,Y,3.994,0.966,1.66,2.692,,,,,,,,
6.5LUEAM,6.5,LU,E,8,Zebra,F,NA,NA,NA,NA,Y,6.229,1.776,2.208,3.668,,,,,,,,
6.5LUNWAM,6.5,LU,NW,1,Zebra,J,Medium,Gray,Stripe,NA,Y,3.095,1.035,1.158,1.853,,,,,,,,
6.5LUNWAM,6.5,LU,NW,2,Zebra,M,NA,NA,NA,NA,Y,4.701,1.438,1.514,2.798,,,,,,,,
6.5LUNWAM,6.5,LU,NW,3,Zebra,F,NA,NA,NA,NA,Y,7.177,2.102,2.6,4.653,,,,,,,,
6.5LUNWAM,6.5,LU,NW,4,Zebra,M,NA,NA,NA,NA,Y,4.631,1.456,1.716,2.701,,,,,,,,
6.5LUNWAM,6.5,LU,NW,5,BHLB,U,NA,NA,NA,NA,Y,4.46,1.52,1.565,2.608,,,,,,,,
6.5LUNWAM,6.5,LU,NW,6,Zebra,M,NA,NA,NA,NA,Y,5.293,1.602,1.656,2.988,,,,,,,,
6.5LUNWAM,6.5,LU,NW,7,Zebra,J,NA,NA,NA,NA,Y,5.187,1.535,1.877,3.246,,,,,,,,
6.5LUNWAM,6.5,LU,NW,8,Zebra,M,NA,NA,NA,NA,Y,6.391,2.065,2.288,3.566,,,,,,,,
6.5LUNWAM,6.5,LU,NW,9,Zebra,M,Medium,Gray,Stripe,NA,Y,6.342,2.181,2.056,3.423,,,,,,,,
6.5LUNEAM,6.5,LU,NE,1,Zebra,J,NA,NA,NA,NA,Y,3.637,1.046,1.465,2.217,,,,,,,,
6.5LUNEAM,6.5,LU,NE,2,Zebra,J,NA,NA,NA,NA,Y,3.197,1.005,1.282,1.916,,,,,,,,
6.5LUNEAM,6.5,LU,NE,3,Zebra,F,NA,NA,NA,NA,Y,7.363,2.017,2.596,4.45,,,,,,,,
6.6GFNPM,6.6,GF,N,1,Zebra,F,NA,NA,NA,Med gray moth,Y,7.121,1.955,2.345,4.41,,,,,,,,
6.6GFNPM,6.6,GF,N,2,Zebra,F,NA,NA,NA,Leafhopper,Y,5.89,1.663,2.204,3.525,,,,,,,,
6.6GFNPM,6.6,GF,N,3,Zebra,F,NA,NA,NA,NA,N,NA,NA,NA,NA,,,,,,,,
6.6GFNPM,6.6,GF,N,4,Zebra,F,Large,Gray,Stripe,NA,Y,6.003,1.584,2.064,3.544,,,,,,,,
6.6GFNPM,6.6,GF,N,5,Unknown,U,NA,NA,NA,NA,Y,3.601,0.997,1.004,2.104,,,,,,,,
6.6SBNAM,6.6,SB,N,1,Zebra,J,NA,NA,NA,NA,Y,4.252,1.239,1.576,2.837,,,,,,,,
6.6SBNAM,6.6,SB,N,2,Zebra,M,NA,NA,NA,NA,Y,5.008,1.322,1.726,2.915,,,,,,,,
6.6SBNAM,6.6,SB,N,3,Zebra,F,Large,Gray,Stripe,NA,Y,6.615,2.08,2.364,3.675,,,,,,,,
6.6SBNAM,6.6,SB,N,4,Zebra,F,Medium,Gray,Stripe,NA,Y,5.661,1.949,1.989,3.13,,,,,,,,
6.6SBNAM,6.6,SB,N,5,Zebra,F,NA,NA,NA,NA,Y,6.129,1.632,2.406,3.974,,,,,,,,
6.6LUNWAM,6.6,LU,NW,1,Zebra,M,NA,NA,NA,NA,Y,4.757,1.427,1.6,2.763,,,,,,,,
6.6LUNWAM,6.6,LU,NW,2,Zebra,J,NA,NA,NA,NA,Y,2.919,0.889,1.108,1.833,,,,,,,,
6.6LUNWAM,6.6,LU,NW,3,Zebra,F,NA,NA,NA,NA,Y,8.085,2.236,2.917,5.375,,,,,,,,
6.6LUNWAM,6.6,LU,NW,4,Zebra,F,Large,Gray,Stripe,NA,Y,7.294,1.773,2.548,4.776,,,,,,,,
6.6LUNWAM,6.6,LU,NW,5,Zebra,F,NA,NA,NA,NA,N,NA,NA,NA,NA,,,,,,,,
6.6LUNWAM,6.6,LU,NW,6,Zebra,F,Small,Gray,Unknown,NA,Y,8.377,2.188,2.981,5.385,,,,,,,,
6.6LUNWAM,6.6,LU,NW,7,Zebra,F,Large,Gray,Stripe,NA,Y,5.395,1.818,2.091,3.328,,,,,,,,
6.6GLNPM,6.6,GL,N,1,Zebra,F,Large,Gray,Stripe,NA,Y,5.909,1.57,2.143,3.797,,,,,,,,
6.6GLNPM,6.6,GL,N,2,Tan,U,NA,NA,NA,NA,Y,7.379,2.701,1.881,3.814,,,,,,,,
6.6GLNPM,6.6,GL,N,3,Tan,U,Large,Gray,Stripe,NA,Y,5.332,1.776,2.014,3.691,,,,,,,,
6.6GLNPM,6.6,GL,N,4,Zebra,M,NA,NA,NA,NA,Y,4.315,1.34,1.554,2.509,,,,,,,,
6.6GLNPM,6.6,GL,N,5,Tan,U,Large,Gray,Stripe,NA,Y,7.106,1.963,1.982,4.505,,,,,,,,
6.6GLNPM,6.6,GL,N,6,Tan,U,Small,Black,Unknown,NA,Y,4.593,1.19,1.627,2.859,,,,,,,,
6.6GLNPM,6.6,GL,N,7,Zebra,J,Medium,Gray,Stripe,NA,Y,4.088,1.272,1.554,2.473,,,,,,,,
6.6GLNPM,6.6,GL,N,8,Zebra,J,NA,NA,NA,NA,Y,4.557,1.317,1.565,2.659,,,,,,,,
6.6GLNPM,6.6,GL,N,9,Zebra,F,NA,NA,NA,NA,Y,6.13,1.819,2.303,3.911,,,,,,,,
6.6GLNPM,6.6,GL,N,10,Tan,U,NA,NA,NA,NA,Y,7.379,2.183,2.845,5.054,,,,,,,,
6.6GLNPM,6.6,GL,N,11,Zebra,F,NA,NA,NA,NA,Y,6.582,1.951,2.797,3.975,,,,,,,,
6.6GLNPM,6.6,GL,N,12,Zebra,J,NA,NA,NA,NA,N,NA,NA,NA,NA,,,,,,,,
6.6GLNPM,6.6,GL,N,13,Zebra,M,NA,NA,NA,NA,Y,4.661,1.524,1.683,2.818,,,,,,,,
6.6GLNPM,6.6,GL,N,14,Zebra,M,NA,NA,NA,NA,Y,5.044,1.527,1.802,2.861,,,,,,,,
6.6GLNPM,6.6,GL,N,15,Tan,U,Large,Gray,Stripe,NA,Y,8.405,2.753,3.275,5.624,,,,,,,,
6.6GLNPM,6.6,GL,N,16,Tan,U,NA,NA,NA,NA,Y,7.211,1.965,1.94,4.323,,,,,,,,
6.6GLNPM,6.6,GL,N,17,Zebra,M,NA,NA,NA,NA,Y,5.8,1.757,2.162,3.362,,,,,,,,
6.6GLNPM,6.6,GL,N,18,Zebra,F,NA,NA,NA,NA,Y,5.897,1.674,2.023,3.625,,,,,,,,
6.6GLNPM,6.6,GL,N,19,Zebra,F,NA,NA,NA,NA,Y,8.106,2.021,3.03,4.764,,,,,,,,
6.6TBNPM,6.6,TB,N,1,Zebra,M,NA,NA,NA,NA,Y,4.342,1.483,1.384,2.535,,,,,,,,
6.6TBNPM,6.6,TB,N,2,Zebra,F,Medium,Gray,Stripe,NA,Y,6.342,1.755,2.15,3.918,,,,,,,,
6.6TBNPM,6.6,TB,N,3,Zebra,F,Medium,Gray,Stripe,NA,Y,7.78,2.365,2.814,4.689,,,,,,,,
6.6TBNPM,6.6,TB,N,4,Zebra,M,NA,NA,NA,NA,Y,5.201,1.539,1.738,2.984,,,,,,,,
6.6TBNPM,6.6,TB,N,5,Zebra,M,NA,NA,NA,NA,Y,3.961,1.212,1.39,2.209,,,,,,,,
6.6TBNPM,6.6,TB,N,6,Zebra,M,NA,NA,NA,NA,Y,4.952,1.609,1.688,3.013,,,,,,,,
6.6TBNPM,6.6,TB,N,7,Zebra,F,NA,NA,NA,NA,N,NA,NA,NA,NA,,,,,,,,
6.6TBNPM,6.6,TB,N,8,Zebra,J,NA,NA,NA,NA,Y,3.293,1.064,1.351,2.044,,,,,,,,
6.6TBNPM,6.6,TB,N,9,Zebra,F,NA,NA,NA,NA,Y,7.155,1.877,2.626,4.884,,,,,,,,
6.6TBNPM,6.6,TB,N,10,Zebra,F,NA,NA,NA,NA,Y,6.627,1.494,2.345,4.346,,,,,,,,
6.6TBNPM,6.6,TB,N,11,Zebra,J,NA,NA,NA,NA,Y,3.685,0.977,1.212,2.292,,,,,,,,
6.6TBNPM,6.6,TB,N,12,Zebra,M,NA,NA,NA,NA,Y,4.448,1.317,1.701,2.698,,,,,,,,
6.6TBNPM,6.6,TB,N,13,Zebra,F,NA,NA,NA,NA,Y,6.241,1.655,2.538,4.112,,,,,,,,
6.6TBNPM,6.6,TB,N,14,Zebra,J,NA,NA,NA,NA,Y,4.395,1.44,1.839,2.849,,,,,,,,
6.6TBNPM,6.6,TB,N,15,Zebra,M,NA,NA,NA,NA,Y,4.838,1.358,1.679,2.866,,,,,,,,
6.6GFNAM,6.6,GF,N,1,Zebra,M,NA,NA,NA,NA,Y,4.05,1.247,1.395,2.119,,,,,,,,
6.6GFNAM,6.6,GF,N,2,Zebra,F,Large,Gray,Stripe,NA,Y,5.537,1.591,2.265,3.433,,,,,,,,
6.6GFNAM,6.6,GF,N,3,Zebra,F,NA,NA,NA,NA,Y,5.563,1.685,2.162,3.627,,,,,,,,
6.6GFNAM,6.6,GF,N,4,Tan,U,NA,NA,NA,NA,Y,8.541,2.783,3.189,5.804,,,,,,,,
6.6GFNAM,6.6,GF,N,5,Zebra,F,NA,NA,NA,NA,Y,4.386,1.537,1.609,2.407,,,,,,,,
6.6GFNAM,6.6,GF,N,6,Zebra,F,NA,NA,NA,Leafhopper,Y,5.147,1.591,1.874,2.933,,,,,,,,
6.6GFNAM,6.6,GF,N,7,Zebra,M,NA,NA,NA,NA,Y,5.212,1.537,1.604,2.774,,,,,,,,
6.6GFNAM,6.6,GF,N,8,Unknown,U,NA,NA,NA,NA,Y,2.686,1.111,0.944,1.381,,,,,,,,
6.6GFNAM,6.6,GF,N,9,Zebra,F,NA,NA,NA,NA,Y,6.216,1.664,2.497,4.185,,,,,,,,
6.6GFNAM,6.6,GF,N,10,Zebra,F,Small,Gray,Stripe,NA,Y,6.447,2.238,2.377,3.271,,,,,,,,
6.6GFNAM,6.6,GF,N,11,Zebra,F,NA,NA,NA,NA,Y,8.012,2.234,3.078,4.752,,,,,,,,
6.6GFNAM,6.6,GF,N,12,Tan,U,NA,NA,NA,NA,Y,8.104,2.245,2.966,5.175,,,,,,,,
6.6GFNAM,6.6,GF,N,13,Unknown,U,NA,NA,NA,NA,Y,6.545,2.143,3.102,4.068,,,,,,,,
6.6DHNWAM,6.6,DH,NW,1,Zebra,M,NA,NA,NA,NA,Y,5.814,1.666,1.843,3.312,,,,,,,,
6.6DHNWAM,6.6,DH,NW,2,Zebra,F,NA,NA,NA,NA,Y,6.632,1.915,2.495,4.288,,,,,,,,
6.6DHNWAM,6.6,DH,NW,3,Zebra,J,NA,NA,NA,NA,Y,3.833,1.105,1.295,2.445,,,,,,,,
6.6DHNWAM,6.6,DH,NW,4,Zebra,M,NA,NA,NA,NA,Y,4.383,1.288,1.363,2.364,,,,,,,,
6.6DHNWAM,6.6,DH,NW,5,Zebra,F,NA,NA,NA,NA,Y,6.75,1.973,2.691,4.312,,,,,,,,
6.6GLNAM,6.6,GL,N,1,Zebra,J,NA,NA,NA,NA,N,NA,NA,NA,NA,,,,,,,,
6.6GLNAM,6.6,GL,N,2,Tan,U,NA,NA,NA,NA,Y,8.241,2.976,2.321,4.978,,,,,,,,
6.6GLNAM,6.6,GL,N,3,Zebra,F,Small,Gray,Unknown,NA,Y,7.381,1.838,2.383,4.547,,,,,,,,
6.6GLNAM,6.6,GL,N,4,Zebra,F,Large,Gray,Stripe,NA,Y,7.682,2.176,2.688,4.629,,,,,,,,
6.6GLNAM,6.6,GL,N,5,Zebra,F,NA,NA,NA,NA,Y,4.378,1.415,1.713,2.559,,,,,,,,
6.6GLNAM,6.6,GL,N,6,Zebra,F,NA,NA,NA,NA,Y,6.717,2.105,2.994,4.468,,,,,,,,
6.6GLNAM,6.6,GL,N,7,Zebra,F,Large,Gray,Stripe,NA,Y,4.97,1.594,2.157,2.998,,,,,,,,
6.6GLNAM,6.6,GL,N,8,Zebra,F,NA,NA,NA,NA,Y,8.026,2.126,3.547,5.264,,,,,,,,
6.6GLNAM,6.6,GL,N,9,Zebra,F,Medium,Gray,Stripe,NA,Y,6.089,1.797,2.695,4.056,,,,,,,,
6.6GLNAM,6.6,GL,N,10,Zebra,J,Small,Black,No stripe,NA,Y,3.005,1.034,1.202,1.535,,,,,,,,
6.6GLNAM,6.6,GL,N,11,Zebra,F,NA,NA,NA,NA,N,NA,NA,NA,NA,,,,,,,,
6.6GLNAM,6.6,GL,N,12,Unknown,U,NA,NA,NA,NA,Y,3.785,1.35,1.104,1.947,,,,,,,,
6.6GLNAM,6.6,GL,N,13,Unknown,U,Large,Gray,Stripe,NA,Y,3.784,1.322,1.451,2.249,,,,,,,,
6.6GLNAM,6.6,GL,N,14,Unknown,U,NA,NA,NA,NA,Y,5.59,1.906,1.424,3.106,,,,,,,,
6.6GLNAM,6.6,GL,N,15,Tan,U,NA,NA,NA,NA,Y,9.171,2.737,3.071,6.2,,,,,,,,
6.6GLNAM,6.6,GL,N,16,Tan,U,NA,NA,NA,NA,Y,8.855,3.072,3.028,5.107,,,,,,,,
6.6GLNAM,6.6,GL,N,17,Zebra,J,NA,NA,NA,NA,Y,3.119,1.028,1.106,1.772,,,,,,,,
6.6GLNAM,6.6,GL,N,18,Zebra,F,Large,Gray,Stripe,NA,Y,6.8,1.65,2.698,4.689,,,,,,,,
6.6GLNAM,6.6,GL,N,19,Unknown,U,NA,NA,NA,NA,Y,4.365,1.3,1.213,2.648,,,,,,,,
6.6GLNAM,6.6,GL,N,20,Tan,U,NA,NA,NA,NA,Y,6.773,1.937,1.994,3.811,,,,,,,,
6.7GFNAM,6.7,GF,N,1,Zebra,F,NA,NA,NA,Small fly,Y,5.842,1.693,2.434,3.628,,,,,,,,
6.7GFNAM,6.7,GF,N,2,Zebra,J,NA,NA,NA,NA,Y,3.217,0.877,1.091,1.711,,,,,,,,
6.7GFNAM,6.7,GF,N,3,Unknown,U,NA,NA,NA,NA,Y,4.59,1.424,1.122,2.52,,,,,,,,
6.7GFNAM,6.7,GF,N,4,Zebra,F,NA,NA,NA,NA,Y,5.359,1.691,1.999,3.082,,,,,,,,
6.7GFNAM,6.7,GF,N,5,Zebra,F,NA,NA,NA,Small black fly,Y,5.734,1.902,2.023,3.438,,,,,,,,
6.7GFNAM,6.7,GF,N,6,Zebra,F,NA,NA,NA,NA,Y,5.977,1.74,2.199,3.501,,,,,,,,
6.7GFNAM,6.7,GF,N,7,Zebra,F,NA,NA,NA,NA,Y,5.283,1.774,1.905,3.071,,,,,,,,
6.7GFNAM,6.7,GF,N,8,Unknown,U,NA,NA,NA,NA,Y,8.176,2.37,2.98,5.192,,,,,,,,
6.7GFNAM,6.7,GF,N,9,Unknown,U,NA,NA,NA,NA,Y,6.991,1.711,2.383,4.364,,,,,,,,
6.7GFNAM,6.7,GF,N,10,Zebra,J,NA,NA,NA,NA,Y,2.974,0.992,1.095,1.88,,,,,,,,
6.7GFNAM,6.7,GF,N,11,Zebra,F,NA,NA,NA,Leafhopper,Y,5.078,1.698,2.089,3.223,,,,,,,,
6.7GFNAM,6.7,GF,N,12,Tan,U,NA,NA,NA,NA,Y,9.486,2.76,3.152,6.204,,,,,,,,
6.7GFNAM,6.7,GF,N,13,Zebra,M,NA,NA,NA,NA,Y,4.905,1.471,1.759,2.857,,,,,,,,
6.7TBNAM,6.7,TB,N,1,Zebra,M,NA,NA,NA,NA,Y,4.3,1.302,1.567,2.396,,,,,,,,
6.7TBNAM,6.7,TB,N,2,Zebra,M,NA,NA,NA,NA,Y,4.666,1.462,1.675,2.519,,,,,,,,
6.7TBNAM,6.7,TB,N,3,Zebra,M,NA,NA,NA,NA,Y,4.591,1.42,1.658,2.577,,,,,,,,
6.7TBNAM,6.7,TB,N,4,Zebra,F,NA,NA,NA,Small black fly,Y,6.779,2.187,2.73,4.293,,,,,,,,
6.7TBNAM,6.7,TB,N,5,Zebra,F,Medium,Gray,Stripe,NA,Y,8.554,2.087,3.05,5.901,,,,,,,,
6.7TBNAM,6.7,TB,N,6,Zebra,M,NA,NA,NA,NA,Y,7.979,1.493,1.41,2.78,,,,,,,,
6.7TBNAM,6.7,TB,N,7,BHLB,U,NA,NA,NA,NA,Y,NA,NA,NA,NA,,,,,,,,
6.7TBNAM,6.7,TB,N,8,Zebra,M,NA,NA,NA,NA,Y,5.103,1.389,1.693,2.774,,,,,,,,
6.7TBNAM,6.7,TB,N,9,Zebra,J,NA,NA,NA,NA,Y,4.175,1.55,1.7,2.385,,,,,,,,
6.7TBNAM,6.7,TB,N,10,Zebra,F,NA,NA,NA,NA,Y,7.732,1.839,2.892,5.007,,,,,,,,
6.7TBNAM,6.7,TB,N,11,Zebra,F,NA,NA,NA,NA,Y,5.926,1.838,2.213,3.465,,,,,,,,
6.7TBNAM,6.7,TB,N,12,Zebra,F,NA,NA,NA,NA,Y,6.098,1.764,2.246,3.775,,,,,,,,
6.7TBNAM,6.7,TB,N,13,Zebra,F,NA,NA,NA,Small unknown insect,Y,4.972,1.588,2.1,3.027,,,,,,,,
6.7TBNAM,6.7,TB,N,14,Zebra,F,NA,NA,NA,NA,Y,5.377,1.728,1.977,3.067,,,,,,,,
6.7TBNAM,6.7,TB,N,15,Zebra,M,NA,NA,NA,NA,Y,5.563,1.603,1.765,3.102,,,,,,,,
6.7TBNAM,6.7,TB,N,16,Zebra,J,NA,NA,NA,NA,Y,2.965,1.01,1.044,1.788,,,,,,,,
6.7TBNAM,6.7,TB,N,17,Zebra,F,Small,Gray,Stripe,NA,Y,6.107,2.118,2.794,3.866,,,,,,,,
6.7TBNAM,6.7,TB,N,18,Zebra,F,NA,NA,NA,NA,N,NA,NA,NA,NA,,,,,,,,
6.7DHNWAM,6.7,DH,NW,1,Zebra,F,NA,NA,NA,NA,Y,6.067,1.76,2.22,3.249,,,,,,,,
6.7DHNWAM,6.7,DH,NW,2,Tan,U,NA,NA,NA,NA,Y,8.826,3.074,2.509,5.196,,,,,,,,
6.7DHNWAM,6.7,DH,NW,3,Zebra,F,NA,NA,NA,NA,Y,5.879,1.555,2.425,3.715,,,,,,,,
6.7DHNWAM,6.7,DH,NW,4,Zebra,F,NA,NA,NA,NA,Y,5.923,1.806,2.442,3.777,,,,,,,,
6.7DHNWAM,6.7,DH,NW,5,Zebra,M,NA,NA,NA,NA,Y,5.481,1.775,1.826,2.966,,,,,,,,
6.7DHNWAM,6.7,DH,NW,6,Zebra,F,NA,NA,NA,NA,Y,5.407,1.808,2.054,3.371,,,,,,,,
6.7DHNWAM,6.7,DH,NW,7,Zebra,F,NA,NA,NA,NA,Y,5.397,1.835,2.169,3.192,,,,,,,,
6.7DHNWAM,6.7,DH,NW,8,Zebra,F,NA,NA,NA,NA,Y,7.525,1.809,2.57,4.953,,,,,,,,
6.7DHNWAM,6.7,DH,NW,9,Zebra,M,NA,NA,NA,NA,Y,6.218,2.138,2.175,3.468,,,,,,,,
6.7DHNWAM,6.7,DH,NW,10,Zebra,M,NA,NA,NA,NA,Y,3.63,1.212,1.254,2.122,,,,,,,,
6.7DHNWAM,6.7,DH,NW,11,Zebra,M,NA,NA,NA,NA,Y,4.856,1.684,1.63,2.617,,,,,,,,
6.7DHNWAM,6.7,DH,NW,12,Zebra,F,NA,NA,NA,NA,Y,6.45,1.896,2.697,4.029,,,,,,,,
6.7DHNWAM,6.7,DH,NW,13,Zebra,F,NA,NA,NA,NA,Y,5.582,1.655,2.199,3.65,,,,,,,,
6.7DHNWAM,6.7,DH,NW,14,Zebra,F,Small,Black,Stripe,NA,Y,5.512,1.675,2.077,3.184,,,,,,,,
6.7GLNAM,6.7,GL,N,1,Zebra,F,NA,NA,NA,NA,Y,7.893,1.932,2.457,4.762,,,,,,,,
6.7GLNAM,6.7,GL,N,2,Zebra,F,NA,NA,NA,NA,Y,6.656,2.246,2.634,3.969,,,,,,,,
6.7GLNAM,6.7,GL,N,3,Zebra,F,NA,NA,NA,NA,Y,4.869,1.374,1.813,3.044,,,,,,,,
6.7GLNAM,6.7,GL,N,4,Tan,U,NA,NA,NA,NA,Y,5.467,1.894,1.923,3.761,,,,,,,,
6.7GLNAM,6.7,GL,N,5,Zebra,F,NA,NA,NA,NA,Y,5.086,1.397,1.956,3.252,,,,,,,,
6.7GLNAM,6.7,GL,N,6,Zebra,M,NA,NA,NA,NA,Y,4.2,1.303,1.429,2.384,,,,,,,,
6.7GLNAM,6.7,GL,N,7,Tan,U,NA,NA,NA,Small fly,Y,8.01,2.485,2.394,4.628,,,,,,,,
6.7GLNAM,6.7,GL,N,8,Zebra,M,NA,NA,NA,NA,Y,5.977,1.79,2.029,3.19,,,,,,,,
6.7GLNAM,6.7,GL,N,9,Zebra,F,NA,NA,NA,NA,Y,7.366,1.898,2.856,4.842,,,,,,,,
6.7GLNAM,6.7,GL,N,10,Unknown,U,NA,NA,NA,NA,Y,5.187,1.601,1.781,3.327,,,,,,,,
6.7GLNAM,6.7,GL,N,11,Zebra,F,Medium,Gray,Stripe,NA,Y,7.018,1.953,2.531,4.21,,,,,,,,
6.7GLNAM,6.7,GL,N,12,Zebra,F,NA,NA,NA,NA,Y,5.372,1.7,1.959,3.216,,,,,,,,
6.7GLNAM,6.7,GL,N,13,Unknown,U,NA,NA,NA,NA,N,NA,NA,NA,NA,,,,,,,,
6.7GLNAM,6.7,GL,N,14,Unknown,U,NA,NA,NA,NA,Y,5.85,1.219,2.04,3.8,,,,,,,,
6.7GLNAM,6.7,GL,N,15,Unknown,U,NA,NA,NA,Small unknown insect,Y,5.007,1.433,1.809,3.304,,,,,,,,
6.7GLNAM,6.7,GL,N,16,Unknown,U,NA,NA,NA,NA,N,NA,NA,NA,NA,,,,,,,,
6.7GLNAM,6.7,GL,N,17,Unknown,U,NA,NA,NA,NA,N,NA,NA,NA,NA,,,,,,,,
6.7GLNAM,6.7,GL,N,18,Unknown,U,Small,Gray,Stripe,NA,Y,5.095,1.551,1.708,3.188,,,,,,,,
6.7GLNAM,6.7,GL,N,19,Unknown,U,Small,Gray,Stripe,NA,Y,4.837,1.818,1.79,2.503,,,,,,,,
6.7GLNAM,6.7,GL,N,20,Unknown,U,NA,NA,NA,NA,Y,4.793,1.549,1.647,2.945,,,,,,,,
6.7GLNAM,6.7,GL,N,21,Tan,U,NA,NA,NA,NA,Y,9.888,3.104,3.258,6.251,,,,,,,,
6.7GLNAM,6.7,GL,N,22,Unknown,U,NA,NA,NA,NA,Y,5.11,1.433,1.677,3.184,,,,,,,,
6.7GLNAM,6.7,GL,N,23,Tan,U,NA,NA,NA,NA,Y,8.845,2.482,2.875,5.773,,,,,,,,
6.7GLNAM,6.7,GL,N,24,Zebra,F,NA,NA,NA,NA,Y,5.532,1.635,1.616,3.133,,,,,,,,
6.7GLNAM,6.7,GL,N,25,Tan,U,NA,NA,NA,NA,Y,8.776,3.1,3.199,5.921,,,,,,,,
6.7LUNWAM,6.7,LU,NW,1,Zebra,J,Medium,Gray,Stripe,NA,Y,4.146,1.218,1.574,2.588,,,,,,,,
6.7LUNWAM,6.7,LU,NW,2,Zebra,J,NA,NA,NA,NA,Y,3.128,1.028,0.948,1.576,,,,,,,,
6.7LUNWAM,6.7,LU,NW,3,Zebra,F,NA,NA,NA,NA,Y,7.057,1.907,2.662,4.244,,,,,,,,
6.7LUNWAM,6.7,LU,NW,4,Zebra,J,NA,NA,NA,NA,Y,3.366,0.972,1.258,2.191,,,,,,,,
6.7LUNWAM,6.7,LU,NW,5,Zebra,F,NA,NA,NA,NA,Y,7.529,2.222,2.749,4.462,,,,,,,,
6.7LUNWAM,6.7,LU,NW,6,Zebra,M,NA,NA,NA,NA,Y,5.368,1.607,1.782,3.21,,,,,,,,
6.7LUNWAM,6.7,LU,NW,7,Zebra,F,NA,NA,NA,NA,Y,5.848,1.566,2,3.501,,,,,,,,
6.7LUNWAM,6.7,LU,NW,8,Zebra,M,NA,NA,NA,NA,Y,5.502,1.595,1.887,3.123,,,,,,,,
6.7LUNWAM,6.7,LU,NW,9,Zebra,J,NA,NA,NA,NA,Y,3.473,1.144,1.381,2.339,,,,,,,,
6.7LUNWAM,6.7,LU,NW,10,Zebra,F,NA,NA,NA,NA,Y,5.303,1.654,1.911,3.067,,,,,,,,
6.7LUNWAM,6.7,LU,NW,11,Zebra,J,NA,NA,NA,NA,Y,2.991,0.992,1.1,1.773,,,,,,,,
6.7LUNWAM,6.7,LU,NW,12,Zebra,F,NA,NA,NA,NA,Y,6.051,1.431,2.214,3.873,,,,,,,,
6.7LUNWAM,6.7,LU,NW,13,Zebra,F,Medium,Gray,Stripe,NA,Y,5.835,1.729,1.966,3.264,,,,,,,,
6.7LUNWAM,6.7,LU,NW,14,Zebra,F,NA,NA,NA,NA,Y,6.646,1.834,2.208,4.239,,,,,,,,
6.7LUNWAM,6.7,LU,NW,15,Zebra,M,NA,NA,NA,NA,N,NA,NA,NA,NA,,,,,,,,
6.7LUSEAM,6.7,LU,SE,1,Zebra,F,NA,NA,NA,NA,Y,7.208,1.848,2.382,4.142,,,,,,,,
6.7LUSEAM,6.7,LU,SE,2,Zebra,F,NA,NA,NA,NA,Y,5.372,1.823,2.248,3.197,,,,,,,,
6.7LUSEAM,6.7,LU,SE,3,Zebra,F,NA,NA,NA,NA,Y,5.247,1.625,2.216,3.163,,,,,,,,
6.7SBNAM,6.7,SB,N,1,Zebra,F,Large,Gray,Stripe,NA,Y,7.311,1.83,2.75,4.361,,,,,,,,
6.7SBNAM,6.7,SB,N,2,Zebra,F,Medium,Gray,Stripe,NA,Y,5.639,1.612,1.995,3.481,,,,,,,,
6.7SBNAM,6.7,SB,N,3,Zebra,F,NA,NA,NA,NA,Y,5.605,1.39,1.973,3.61,,,,,,,,
6.7SBNAM,6.7,SB,N,4,Zebra,F,NA,NA,NA,NA,Y,6.423,1.734,2.325,4.117,,,,,,,,
6.7SBNAM,6.7,SB,N,5,Zebra,J,NA,NA,NA,NA,Y,3.143,0.851,1.194,1.971,,,,,,,,
6.7SBNAM,6.7,SB,N,6,Zebra,F,Large,Gray,Stripe,NA,Y,5.909,1.449,2.214,4.079,,,,,,,,
6.7SBNAM,6.7,SB,N,7,Zebra,F,NA,NA,NA,NA,Y,6.023,1.754,2.187,3.678,,,,,,,,
6.7SBNAM,6.7,SB,N,8,Zebra,M,NA,NA,NA,NA,Y,4.018,1.473,1.528,2.117,,,,,,,,
6.7SBNAM,6.7,SB,N,9,Zebra,F,NA,NA,NA,NA,Y,4.2633,1.379,1.676,2.738,,,,,,,,
6.7SBNAM,6.7,SB,N,10,Zebra,J,NA,NA,NA,NA,N,NA,NA,NA,NA,,,,,,,,
6.7SBNAM,6.7,SB,N,11,Zebra,F,Large,Gray,Stripe,NA,Y,6.821,1.76,2.245,4.038,,,,,,,,
6.7SBNAM,6.7,SB,N,12,Zebra,F,NA,NA,NA,Small black fly,Y,5.401,1.66,2.116,2.994,,,,,,,,
6.6LUWAM,6.6,LU,W,1,Zebra,M,NA,NA,NA,NA,Y,4.803,1.323,1.537,2.892,,,,,,,,
6.6LUWAM,6.6,LU,W,2,Zebra,J,NA,NA,NA,NA,Y,3.793,1.097,1.32,2.198,,,,,,,,
6.6LUWAM,6.6,LU,W,3,Zebra,J,NA,NA,NA,NA,Y,3.228,1.016,1.253,1.833,,,,,,,,
6.6LUWAM,6.6,LU,W,4,Zebra,J,NA,NA,NA,NA,Y,3.892,0.886,1.493,2.544,,,,,,,,
6.6LUWAM,6.6,LU,W,5,Zebra,M,NA,NA,NA,NA,Y,5.618,1.647,1.989,3.153,,,,,,,,
6.6LUWAM,6.6,LU,W,6,Zebra,F,NA,NA,NA,NA,Y,6.009,1.624,2.051,3.6,,,,,,,,
6.6LUSWAM,6.6,LU,SW,1,Zebra,F,NA,NA,NA,NA,Y,8.923,2.15,3.232,6.093,,,,,,,,
6.6LUSWAM,6.6,LU,SW,2,Zebra,F,NA,NA,NA,NA,Y,6.503,1.724,2.33,4.016,,,,,,,,
6.6LUSWAM,6.6,LU,SW,3,Zebra,F,NA,NA,NA,NA,N,NA,NA,NA,NA,,,,,,,,
6.6LUNEAM,6.6,LU,NE,1,Zebra,F,Large,Gray,Stripe,NA,Y,5.463,1.556,2.252,3.361,,,,,,,,
6.6LUNEAM,6.6,LU,NE,2,Zebra,F,NA,NA,NA,NA,Y,7.422,1.926,2.85,4.743,,,,,,,,
6.6LUNEAM,6.6,LU,NE,3,Zebra,J,NA,NA,NA,NA,Y,4.062,1.312,1.365,2.262,,,,,,,,
6.6LUNEAM,6.6,LU,NE,4,Zebra,M,NA,NA,NA,NA,Y,4.506,1.322,1.479,2.61,,,,,,,,
6.6LUNEAM,6.6,LU,NE,5,Zebra,F,Large,Gray,Stripe,NA,Y,6.358,1.738,2.445,4.01,,,,,,,,
6.6LUNEAM,6.6,LU,NE,6,Zebra,M,NA,NA,NA,NA,Y,5.922,1.866,1.876,3.355,,,,,,,,
6.6LUNEAM,6.6,LU,NE,7,Bold,U,Medium,Gray,Stripe,NA,N,NA,NA,NA,NA,,,,,,,,
6.7LUSWAM,6.7,LU,SW,1,Zebra,F,NA,NA,NA,NA,Y,8.114,1.974,2.919,5.244,,,,,,,,
6.7LUSWAM,6.7,LU,SW,2,Zebra,F,NA,NA,NA,NA,Y,6.018,1.906,2.261,3.774,,,,,,,,
6.7LUSWAM,6.7,LU,SW,3,Zebra,F,NA,NA,NA,NA,Y,6.645,1.766,2.327,4.336,,,,,,,,
6.7LUSWAM,6.7,LU,SW,4,Zebra,F,NA,NA,NA,NA,Y,6.276,1.741,1.975,3.805,,,,,,,,
6.7LUSWAM,6.7,LU,SW,5,Zebra,F,NA,NA,NA,NA,N,NA,NA,NA,NA,,,,,,,,
6.7LUNEAM,6.7,LU,NE,1,Zebra,M,NA,NA,NA,NA,Y,6.342,1.91,2.239,3.652,,,,,,,,
6.7LUNEAM,6.7,LU,NE,2,Zebra,M,NA,NA,NA,NA,Y,5.561,1.861,2.179,3.388,,,,,,,,
6.7LUNEAM,6.7,LU,NE,3,Zebra,M,NA,NA,NA,NA,Y,4.838,1.467,1.549,2.638,,,,,,,,
6.7LUNEAM,6.7,LU,NE,4,Zebra,M,NA,NA,NA,NA,Y,5.717,1.624,2.182,3.448,,,,,,,,
6.7LUNEAM,6.7,LU,NE,5,Zebra,F,NA,NA,NA,NA,Y,6.07,1.841,2.503,3.711,,,,,,,,
6.7LUNEAM,6.7,LU,NE,6,Zebra,M,NA,NA,NA,NA,Y,5.429,1.52,1.734,3.006,,,,,,,,
6.7LUNEAM,6.7,LU,NE,7,Zebra,J,NA,NA,NA,NA,N,NA,NA,NA,NA,,,,,,,,
6.7LUNEAM,6.7,LU,NE,8,Zebra,M,NA,NA,NA,NA,Y,5.6,1.944,1.934,3.08,,,,,,,,
6.8GFNAM,6.8,GF,N,1,Zebra,M,NA,NA,NA,NA,Y,5.23,1.462,1.666,2.909,,,,,,,,
6.8GFNAM,6.8,GF,N,2,Tan,U,NA,NA,NA,NA,Y,10.799,4.108,3.152,6.555,,,,,,,,
6.8GFNAM,6.8,GF,N,3,Tan,U,Large,Gray,Stripe,NA,Y,9.107,3.059,3.813,5.312,,,,,,,,
6.8GFNAM,6.8,GF,N,4,Zebra,F,NA,NA,NA,Small black fly,Y,6.034,1.565,2.444,3.667,,,,,,,,
6.8GFNAM,6.8,GF,N,5,Zebra,F,NA,NA,NA,NA,Y,6.211,1.664,2.314,4.119,,,,,,,,
6.8GFNAM,6.8,GF,N,6,Zebra,M,NA,NA,NA,NA,N,NA,NA,NA,NA,,,,,,,,
6.8GFNAM,6.8,GF,N,7,Zebra,F,NA,NA,NA,Black fly,Y,5.554,1.832,2.284,3.478,,,,,,,,
6.8GFNAM,6.8,GF,N,8,Unknown,U,NA,NA,NA,NA,Y,3.671,1.222,1.105,2.097,,,,,,,,
6.8GFNAM,6.8,GF,N,9,Zebra,F,NA,NA,NA,NA,Y,6.649,1.877,2.454,4.212,,,,,,,,
6.8GFNAM,6.8,GF,N,10,Zebra,F,NA,NA,NA,Gray leafhopper,Y,4.95,1.617,1.985,2.95,,,,,,,,
6.8DHNWAM,6.8,DH,NW,1,Zebra,F,NA,NA,NA,NA,Y,5.453,1.633,2.036,3.32,,,,,,,,
6.8DHNWAM,6.8,DH,NW,2,Zebra,M,Medium,Gray,Stripe,NA,Y,3.823,1.416,1.499,2.46,,,,,,,,
6.8DHNWAM,6.8,DH,NW,3,Zebra,M,Medium,Gray,Stripe,NA,Y,5.099,1.7,1.653,2.796,,,,,,,,
6.8DHNWAM,6.8,DH,NW,4,Zebra,M,NA,NA,NA,NA,Y,5.757,1.86,2.042,3.363,,,,,,,,
6.8DHNWAM,6.8,DH,NW,5,Zebra,F,NA,NA,NA,NA,Y,5.352,1.472,1.962,3.334,,,,,,,,
6.8DHNWAM,6.8,DH,NW,6,Zebra,F,Small,Gray,Stripe,NA,Y,5.198,1.715,2.011,3.292,,,,,,,,
6.8DHNWAM,6.8,DH,NW,7,Zebra,F,NA,NA,NA,NA,N,NA,NA,NA,NA,,,,,,,,
6.8DHNWAM,6.8,DH,NW,8,Zebra,F,Small,Gray,Stripe,NA,Y,6.727,1.791,2.195,4.068,,,,,,,,
6.8GLNAM,6.8,GL,N,1,Tan,U,NA,NA,NA,NA,Y,8.839,2.483,3.213,5.862,,,,,,,,
6.8GLNAM,6.8,GL,N,2,Zebra,F,Small,Gray,Stripe,NA,Y,8.077,1.95,2.981,4.963,,,,,,,,
6.8GLNAM,6.8,GL,N,3,Unknown,U,NA,NA,NA,NA,N,NA,NA,NA,NA,,,,,,,,
6.8GLNAM,6.8,GL,N,4,Zebra,F,Medium,Gray,Stripe,NA,Y,5.57,1.868,1.793,3.225,,,,,,,,
6.8GLNAM,6.8,GL,N,5,Unknown,U,Small,Gray,Stripe,NA,Y,5.346,1.364,1.862,3.235,,,,,,,,
6.8GLNAM,6.8,GL,N,6,Unknown,U,NA,NA,NA,NA,N,NA,NA,NA,NA,,,,,,,,
6.8GLNAM,6.8,GL,N,7,Tan,U,Medium,Gray,Stripe,NA,Y,10.61,2.838,4.007,3.818,,,,,,,,
6.8GLNAM,6.8,GL,N,8,Zebra,F,Medium,Gray,Stripe,NA,Y,5.26,1.418,1.798,3.357,,,,,,,,
6.8GLNAM,6.8,GL,N,9,Unknown,U,Medium,Gray,Stripe,NA,N,NA,NA,NA,NA,,,,,,,,
6.8GLNAM,6.8,GL,N,10,Zebra,F,Medium,Gray,Stripe,NA,Y,5.31,1.575,1.91,3.121,,,,,,,,
6.8GLNAM,6.8,GL,N,11,Unknown,U,Small,Gray,Stripe,NA,Y,5.31,1.575,1.91,3.121,,,,,,,,
6.8GLNAM,6.8,GL,N,12,Zebra,J,Small,Gray,Stripe,NA,Y,4.264,1.111,1.576,2.597,,,,,,,,
6.8GLNAM,6.8,GL,N,13,Zebra,J,Medium,Gray,Stripe,NA,Y,3.258,0.652,1.164,1.963,,,,,,,,
6.8GLNAM,6.8,GL,N,14,Zebra,M,NA,NA,NA,NA,Y,4.988,1.401,1.42,2.723,,,,,,,,
6.8GLNAM,6.8,GL,N,15,Unknown,U,NA,NA,NA,NA,Y,4.853,1.496,1.803,2.964,,,,,,,,
6.8GLNAM,6.8,GL,N,16,Unknown,U,Small,Gray,Unknown,NA,Y,4.101,1.307,1.28,2.411,,,,,,,,
6.8GLNAM,6.8,GL,N,17,Zebra,J,Small,Gray,Stripe,NA,Y,3.287,0.998,1.366,2.232,,,,,,,,
6.8GLNAM,6.8,GL,N,18,Tan,U,NA,NA,NA,NA,Y,10.614,3.936,3.126,6.404,,,,,,,,
6.8GLNAM,6.8,GL,N,19,Unknown,U,NA,NA,NA,NA,Y,6.516,1.981,1.846,3.748,,,,,,,,
6.8GLNAM,6.8,GL,N,20,Zebra,F,NA,NA,NA,NA,Y,5.24,1.307,2.125,3.649,,,,,,,,
6.8GLNAM,6.8,GL,N,21,Unknown,U,NA,NA,NA,NA,Y,4.912,1.548,1.56,2.948,,,,,,,,
6.8GLNAM,6.8,GL,N,22,Unknown,U,Medium,Gray,Stripe,NA,Y,5.248,1.54,2.122,3.316,,,,,,,,
6.8GLNAM,6.8,GL,N,23,Unknown,U,NA,NA,NA,NA,Y,6.24,2.049,1.97,3.994,,,,,,,,
6.8GLNAM,6.8,GL,N,24,Tan,U,Medium,Gray,Stripe,NA,N,NA,NA,NA,NA,,,,,,,,
6.8GLNAM,6.8,GL,N,25,Tan,U,NA,NA,NA,Small fly,N,NA,NA,NA,NA,,,,,,,,
6.8SBNAM,6.8,SB,N,1,Zebra,M,NA,NA,NA,NA,Y,4.994,1.408,1.619,2.94,,,,,,,,
6.8SBNAM,6.8,SB,N,2,Zebra,M,NA,NA,NA,NA,N,NA,NA,NA,NA,,,,,,,,
6.8SBNAM,6.8,SB,N,3,Zebra,F,NA,NA,NA,NA,N,NA,NA,NA,NA,,,,,,,,
6.8SBNAM,6.8,SB,N,4,Zebra,M,NA,NA,NA,NA,Y,5.276,1.563,1.267,2.923,,,,,,,,
6.8SBNAM,6.8,SB,N,5,Zebra,J,NA,NA,NA,NA,Y,4.542,1.331,1.825,2.848,,,,,,,,
6.8SBNAM,6.8,SB,N,6,Zebra,F,NA,NA,NA,NA,Y,6.62,1.674,2.369,3.971,,,,,,,,
6.8SBNAM,6.8,SB,N,7,Zebra,J,NA,NA,NA,NA,Y,3.692,1.006,1.352,2.363,,,,,,,,
6.8SBNAM,6.8,SB,N,8,Zebra,J,NA,NA,NA,NA,Y,4.118,1.234,1.477,2.485,,,,,,,,
6.8SBNAM,6.8,SB,N,9,Zebra,F,NA,NA,NA,NA,Y,6.51,1.885,2.192,4.175,,,,,,,,
6.8KFNAM,6.8,KF,N,1,Zebra,J,NA,NA,NA,NA,N,NA,NA,NA,NA,,,,,,,,
6.8KFNAM,6.8,KF,N,2,Zebra,F,NA,NA,NA,NA,Y,6.597,1.749,2.53,4.165,,,,,,,,
6.8KFNAM,6.8,KF,N,3,Zebra,F,NA,NA,NA,NA,Y,6.035,1.757,2.205,3.715,,,,,,,,
6.8KFNAM,6.8,KF,N,4,Zebra,F,NA,NA,NA,NA,Y,8.269,2.27,2.841,5.297,,,,,,,,
6.8KFNAM,6.8,KF,N,5,Zebra,F,Medium,Gray,Stripe,NA,Y,7.482,2.005,3.113,4.816,,,,,,,,
6.8KFNAM,6.8,KF,N,6,Zebra,F,NA,NA,NA,NA,Y,5.623,1.669,2.007,3.453,,,,,,,,
6.8KFNAM,6.8,KF,N,7,Zebra,J,NA,NA,NA,NA,Y,4.368,1.285,1.523,2.52,,,,,,,,
6.8TBNAM,6.8,TB,N,1,Zebra,M,Medium,Gray,Stripe,NA,Y,NA,NA,NA,NA,,,,,,,,
6.8TBNAM,6.8,TB,N,2,Zebra,J,NA,NA,NA,NA,Y,3.872,1.038,1.242,2.507,,,,,,,,
6.8TBNAM,6.8,TB,N,3,Zebra,F,NA,NA,NA,NA,Y,7.091,1.874,2.765,4.591,,,,,,,,
6.8TBNAM,6.8,TB,N,4,Zebra,M,Medium,Gray,Stripe,NA,Y,4.146,1.286,1.429,2.406,,,,,,,,
6.8TBNAM,6.8,TB,N,5,Zebra,M,NA,NA,NA,NA,Y,6.001,1.569,1.98,3.601,,,,,,,,
6.8TBNAM,6.8,TB,N,6,Zebra,F,NA,NA,NA,NA,N,NA,NA,NA,NA,,,,,,,,
6.8TBNAM,6.8,TB,N,7,Zebra,F,Medium,Gray,Stripe,NA,Y,6.22,1.592,1.933,3.476,,,,,,,,
6.8TBNAM,6.8,TB,N,8,Zebra,M,NA,NA,NA,NA,Y,5.037,1.305,1.447,2.835,,,,,,,,
6.8TBNAM,6.8,TB,N,9,Zebra,M,NA,NA,NA,NA,Y,3.845,1.292,1.275,1.967,,,,,,,,
6.8TBNAM,6.8,TB,N,10,Zebra,F,Medium,Gray,Stripe,NA,Y,9.265,2.127,3.036,5.706,,,,,,,,
6.8TBNAM,6.8,TB,N,11,Zebra,F,NA,NA,NA,NA,Y,6.556,1.633,2.806,4.255,,,,,,,,
6.8TBNAM,6.8,TB,N,12,Zebra,F,NA,NA,NA,NA,Y,5.978,1.718,1.973,3.483,,,,,,,,
6.8TBNAM,6.8,TB,N,13,Zebra,F,NA,NA,NA,NA,Y,7.224,1.666,2.473,4.566,,,,,,,,
6.8TBNAM,6.8,TB,N,14,BHLB,U,NA,NA,NA,NA,Y,3.623,1.152,1.301,2.197,,,,,,,,
6.8TBNAM,6.8,TB,N,15,Zebra,F,NA,NA,NA,NA,Y,6.529,1.637,2.397,4.342,,,,,,,,
6.8TBNAM,6.8,TB,N,16,Zebra,F,NA,NA,NA,NA,Y,6.6,1.648,2.47,4.103,,,,,,,,
6.8TBNAM,6.8,TB,N,17,Zebra,F,NA,NA,NA,NA,Y,5.999,1.683,2.065,3.702,,,,,,,,
6.8TBNAM,6.8,TB,N,18,Zebra,J,NA,NA,NA,NA,Y,6.415,0.937,1.217,2.108,,,,,,,,
6.8TBNAM,6.8,TB,N,19,Zebra,F,NA,NA,NA,NA,Y,7.058,1.7,2.616,4.769,,,,,,,,
6.8LUEAM,6.8,LU,E,1,Zebra,F,Large,Gray,Stripe,NA,Y,7.779,2.068,2.7,4.863,,,,,,,,
6.8LUEAM,6.8,LU,E,2,Zebra,J,Large,Gray,Stripe,NA,Y,4.814,1.265,1.68,2.641,,,,,,,,
6.8LUEAM,6.8,LU,E,3,Zebra,M,Medium,Gray,Stripe,NA,Y,5.794,1.879,1.739,3.175,,,,,,,,
6.8LUEAM,6.8,LU,E,4,Zebra,M,NA,NA,NA,NA,Y,6.088,2.007,1.856,3.1,,,,,,,,
6.8LUEAM,6.8,LU,E,5,Zebra,J,NA,NA,NA,NA,Y,4.868,1.433,1.966,3.049,,,,,,,,
6.8LUEAM,6.8,LU,E,6,Zebra,J,NA,NA,NA,NA,Y,3.559,1.067,1.113,1.819,,,,,,,,
6.8LUEAM,6.8,LU,E,7,Zebra,F,Large,Gray,Stripe,NA,Y,5.803,1.535,2.399,3.768,,,,,,,,
6.8LUEAM,6.8,LU,E,8,Zebra,F,NA,NA,NA,NA,Y,6.5,1.809,2.429,4.228,,,,,,,,
6.8LUEAM,6.8,LU,E,9,Zebra,J,Medium,Gray,Stripe,NA,Y,4.126,1.103,1.492,2.508,,,,,,,,
6.8LUEAM,6.8,LU,E,10,Zebra,J,Medium,Gray,Stripe,NA,Y,3.346,1.052,1.403,2.171,,,,,,,,
6.8LUEAM,6.8,LU,E,11,Unknown,U,NA,NA,NA,NA,Y,3.932,1.478,1.768,2.407,,,,,,,,
6.8LUSEAM,6.8,LU,SE,1,Zebra,F,Medium,Gray,Stripe,NA,Y,6.383,1.506,2.362,4.218,,,,,,,,
6.8LUSEAM,6.8,LU,SE,2,Unknown,J,Medium,Gray,Stripe,NA,Y,3.722,1.413,1.78,2.292,,,,,,,,
6.8LUSEAM,6.8,LU,SE,3,Zebra,F,NA,NA,NA,NA,Y,6.92,1.646,2.507,4.626,,,,,,,,
6.8LUSEAM,6.8,LU,SE,4,Zebra,F,Medium,Gray,Stripe,NA,Y,6.311,1.69,2.295,3.539,,,,,,,,
6.8LUSEAM,6.8,LU,SE,5,Zebra,F,NA,NA,NA,Small black fly,Y,7.855,2.2,2.922,4.756,,,,,,,,
6.8LUSEAM,6.8,LU,SE,6,Zebra,F,Medium,Gray,Stripe,NA,Y,7.675,2.13,2.598,4.705,,,,,,,,
6.8LUSWAM,6.8,LU,SW,1,Zebra,F,Medium,Gray,Stripe,NA,Y,6.407,1.557,2.647,3.916,,,,,,,,
6.8LUSWAM,6.8,LU,SW,2,Zebra,F,Medium,Gray,Stripe,NA,Y,6.787,1.809,2.516,4.311,,,,,,,,
6.8LUSWAM,6.8,LU,SW,3,Tan,J,Medium,Gray,Stripe,NA,Y,3.362,1.233,1.072,1.855,,,,,,,,
6.8LUSWAM,6.8,LU,SW,4,Zebra,J,NA,NA,NA,NA,Y,4.278,1.1,1.463,2.775,,,,,,,,
6.8LUSWAM,6.8,LU,SW,5,Zebra,M,NA,NA,NA,NA,Y,4.47,1.372,1.602,2.683,,,,,,,,
6.8LUSWAM,6.8,LU,SW,6,BHLB,U,NA,NA,NA,NA,Y,4.216,1.114,1.94,2.916,,,,,,,,
6.8LUSWAM,6.8,LU,SW,7,Zebra,F,Medium,Gray,Stripe,NA,Y,6.396,1.54,2.155,3.906,,,,,,,,
6.8LUNWAM,6.8,LU,NW,1,Zebra,J,NA,NA,NA,NA,Y,3.298,1.06,1.328,1.994,,,,,,,,
6.8LUNWAM,6.8,LU,NW,2,Zebra,F,NA,NA,NA,NA,Y,7.194,1.789,2.445,4.235,,,,,,,,
6.8LUNWAM,6.8,LU,NW,3,Zebra,F,Medium,Gray,Stripe,NA,Y,5.974,1.658,2.311,3.954,,,,,,,,
6.8LUNWAM,6.8,LU,NW,4,Zebra,F,NA,NA,NA,NA,Y,7.745,1.985,2.851,4.975,,,,,,,,
6.8LUNWAM,6.8,LU,NW,5,Zebra,F,NA,NA,NA,NA,Y,6.289,1.688,2.151,3.85,,,,,,,,
6.8LUNWAM,6.8,LU,NW,6,Zebra,F,NA,NA,NA,NA,Y,6.911,1.914,2.389,4.372,,,,,,,,
6.8LUNWAM,6.8,LU,NW,7,Zebra,J,NA,NA,NA,NA,Y,4.112,1.268,1.581,2.614,,,,,,,,
6.8LUNWAM,6.8,LU,NW,8,Zebra,M,NA,NA,NA,NA,Y,4.529,1.343,1.617,2.676,,,,,,,,
6.8LUNEAM,6.8,LU,NE,1,Zebra,J,NA,NA,NA,NA,Y,3.446,1.134,1.4,2.133,,,,,,,,
6.8LUNEAM,6.8,LU,NE,2,Zebra,J,Medium,Gray,Stripe,NA,Y,4.565,1.4,1.496,2.5,,,,,,,,
6.8LUNEAM,6.8,LU,NE,3,Zebra,F,NA,NA,NA,NA,Y,6.083,1.572,2.355,3.848,,,,,,,,
6.8LUNEAM,6.8,LU,NE,4,Zebra,F,NA,NA,NA,NA,Y,5.324,1.769,1.974,3.18,,,,,,,,
6.8LUNEAM,6.8,LU,NE,5,Zebra,F,NA,NA,NA,NA,Y,7.512,1.966,2.57,4.674,,,,,,,,
6.8LUNEAM,6.8,LU,NE,6,Zebra,M,Medium,Gray,Stripe,NA,Y,5.468,1.981,1.964,3.181,,,,,,,,
6.8LUNEAM,6.8,LU,NE,7,Zebra,M,NA,NA,NA,NA,Y,5.865,1.993,1.843,3.471,,,,,,,,
6.8LUNEAM,6.8,LU,NE,8,Zebra,F,NA,NA,NA,NA,Y,5.08,1.535,1.807,3.116,,,,,,,,
6.11GFNAM,6.11,GF,N,1,Zebra,F,Medium,Gray,Stripe,NA,Y,6.683,1.594,2.59,4.417,,,,,,,,
6.11GFNAM,6.11,GF,N,2,Zebra,F,Small,Gray,Stripe,NA,Y,6.351,1.985,2.577,3.495,,,,,,,,
6.11GFNAM,6.11,GF,N,3,Zebra,M,NA,NA,NA,NA,Y,4.469,1.444,1.638,2.628,,,,,,,,
6.11GFNAM,6.11,GF,N,4,Zebra,J,Medium,Gray,Stripe,NA,Y,3.73,0.991,1.219,2.177,,,,,,,,
6.11GFNAM,6.11,GF,N,5,Zebra,J,Medium,Gray,Stripe,NA,Y,3.53,0.919,1.582,2.491,,,,,,,,
6.11GFNAM,6.11,GF,N,6,Zebra,F,NA,NA,NA,NA,Y,6.745,1.851,2.506,4.196,,,,,,,,
6.11GFNAM,6.11,GF,N,7,Zebra,F,Large,Gray,Stripe,NA,Y,6.488,1.575,2.423,4.263,,,,,,,,
6.11GFNAM,6.11,GF,N,8,Zebra,F,Medium,Gray,Stripe,NA,Y,6.014,1.659,2.128,3.829,,,,,,,,
6.11GFNAM,6.11,GF,N,9,Zebra,J,NA,NA,NA,NA,Y,3.027,0.967,1.066,1.64,,,,,,,,
6.11LUSWAM,6.11,LU,SW,1,Zebra,F,NA,NA,NA,NA,Y,6.574,1.745,2.524,4.277,,,,,,,,
6.11LUSWAM,6.11,LU,SW,2,Zebra,F,Medium,Gray,Stripe,NA,Y,5.137,1.372,1.889,3.211,,,,,,,,
6.11LUSWAM,6.11,LU,SW,3,Zebra,F,Medium,Gray,Stripe,NA,Y,6.225,1.773,2.298,3.853,,,,,,,,
6.11LUSWAM,6.11,LU,SW,4,Zebra,F,NA,NA,NA,NA,Y,6.239,1.867,2.081,3.795,,,,,,,,
6.11SBWAM,6.11,SB,W,1,Zebra,F,Medium,Gray,Stripe,NA,Y,7.552,1.803,2.733,4.746,,,,,,,,
6.11SBWAM,6.11,SB,W,2,Zebra,J,NA,NA,NA,NA,Y,3.697,0.975,1.302,2.592,,,,,,,,
6.11SBWAM,6.11,SB,W,3,Zebra,J,Medium,Gray,Stripe,NA,Y,4.207,1.134,1.462,2.806,,,,,,,,
6.11SBWAM,6.11,SB,W,4,Zebra,M,NA,NA,NA,NA,Y,5.09,1.444,1.757,2.97,,,,,,,,
6.11SBWAM,6.11,SB,W,5,Zebra,F,NA,NA,NA,NA,Y,6.452,1.886,2.649,4.496,,,,,,,,
6.11TBNAM,6.11,TB,N,1,Zebra,F,NA,NA,NA,NA,Y,5.715,1.468,2.012,3.638,,,,,,,,
6.11TBNAM,6.11,TB,N,2,Zebra,F,NA,NA,NA,NA,Y,5.663,1.549,2.172,3.447,,,,,,,,
6.11TBNAM,6.11,TB,N,3,Zebra,J,NA,NA,NA,NA,Y,3.321,1,1.362,2.067,,,,,,,,
6.11TBNAM,6.11,TB,N,4,Zebra,F,NA,NA,NA,NA,Y,4.743,1.454,1.558,2.774,,,,,,,,
6.11TBNAM,6.11,TB,N,5,Zebra,F,Medium,Gray,Stripe,NA,Y,7.107,1.658,2.767,4.854,,,,,,,,
6.11TBNAM,6.11,TB,N,6,Zebra,F,NA,NA,NA,NA,Y,6.401,1.594,2.212,4.019,,,,,,,,
6.11TBNAM,6.11,TB,N,7,Zebra,F,NA,NA,NA,NA,Y,6.782,1.835,2.711,4.193,,,,,,,,
6.11TBNAM,6.11,TB,N,8,Zebra,F,NA,NA,NA,NA,Y,5.43,1.684,2.186,3.317,,,,,,,,
6.11TBNAM,6.11,TB,N,9,Zebra,F,NA,NA,NA,Small Orange Spider,Y,6.164,2.056,2.44,3.643,,,,,,,,
6.11TBNAM,6.11,TB,N,10,Zebra,F,NA,NA,NA,NA,Y,5.541,1.478,1.928,3.161,,,,,,,,
6.11TBNAM,6.11,TB,N,11,Zebra,M,NA,NA,NA,NA,Y,5.027,1.611,1.663,2.904,,,,,,,,
6.11TBNAM,6.11,TB,N,12,Bold,U,NA,NA,NA,Wolf Spider,Y,12.708,4.702,5.763,8.284,,,,,,,,
6.10SBNPM,6.1,SB,N,1,Zebra,J,Medium,Gray,Stripe,NA,Y,3.593,1.064,1.49,2.222,,,,,,,,
6.10SBNPM,6.1,SB,N,2,Zebra,M,Medium,Gray,Stripe,NA,Y,3.971,1.578,1.634,2.439,,,,,,,,
6.10SBNPM,6.1,SB,N,3,Zebra,J,Medium,Gray,Stripe,NA,Y,4.23,1.121,1.539,2.555,,,,,,,,
6.10SBNPM,6.1,SB,N,4,Zebra,J,Medium,Gray,Stripe,NA,Y,4.488,1.114,1.546,2.652,,,,,,,,
6.10LUNEPM,6.1,LU,NE,1,Zebra,J,Medium,Gray,Stripe,NA,Y,3.917,1.325,1.608,2.482,,,,,,,,
6.10LUNEPM,6.1,LU,NE,2,Zebra,F,Medium,Gray,Stripe,NA,Y,5.88,1.698,2.308,3.671,,,,,,,,
6.10LUNEPM,6.1,LU,NE,3,Zebra,J,Medium,Gray,Stripe,NA,Y,4.531,1.155,1.701,3.053,,,,,,,,
6.12SBWAM,6.12,SB,W,1,Zebra,F,NA,NA,NA,NA,Y,6.669,1.598,2.811,4.538,,,,,,,,
6.12SBWAM,6.12,SB,W,2,Zebra,F,NA,NA,NA,NA,Y,7.469,1.74,2.795,2.097,,,,,,,,
6.12SBWAM,6.12,SB,W,3,Zebra,F,NA,NA,NA,NA,Y,6.804,1.707,2.483,4.452,,,,,,,,
6.11TBNPM,6.11,TB,N,1,Zebra,M,NA,NA,NA,NA,Y,4.834,1.277,1.392,2.637,,,,,,,,
6.11TBNPM,6.11,TB,N,2,BHLB,U,NA,NA,NA,NA,Y,4.638,1.23,1.877,3.228,,,,,,,,
6.11TBNPM,6.11,TB,N,3,Zebra,F,NA,NA,NA,NA,Y,5.613,1.548,2.252,3.765,,,,,,,,
6.11TBNPM,6.11,TB,N,4,Zebra,F,Medium,Gray,Stripe,NA,Y,6.809,1.91,2.599,4.357,,,,,,,,
6.11TBNPM,6.11,TB,N,5,Zebra,F,NA,NA,NA,NA,Y,7.596,1.726,2.695,2.348,,,,,,,,
6.11TBNPM,6.11,TB,N,6,Zebra,M,NA,NA,NA,NA,N,NA,NA,NA,NA,,,,,,,,
6.11TBNPM,6.11,TB,N,7,Zebra,M,NA,NA,NA,NA,Y,4.915,1.239,1.523,2.801,,,,,,,,
6.11TBNPM,6.11,TB,N,8,Zebra,F,NA,NA,NA,NA,Y,7.094,1.688,2.599,4.567,,,,,,,,
6.11TBNPM,6.11,TB,N,9,Zebra,M,NA,NA,NA,NA,Y,5.199,1.436,1.627,2.932,,,,,,,,
6.11LUWPM,6.11,LU,W,1,Zebra,J,Medium,Gray,Stripe,NA,Y,3.109,1.008,1.2,1.879,,,,,,,,
6.11LUWPM,6.11,LU,W,2,Zebra,J,Medium,Gray,Stripe,NA,Y,3.484,1.098,1.359,1.966,,,,,,,,
6.11LUWPM,6.11,LU,W,3,Zebra,M,NA,NA,NA,NA,Y,5.052,1.365,1.583,2.731,,,,,,,,
6.11LUWPM,6.11,LU,W,4,Zebra,M,NA,NA,NA,NA,Y,3.944,1.349,1.566,2.646,,,,,,,,
6.11LUWPM,6.11,LU,W,5,Zebra,M,NA,NA,NA,NA,Y,4.832,1.469,1.764,2.736,,,,,,,,
6.11LUWPM,6.11,LU,W,6,Zebra,F,Medium,Gray,Stripe,NA,Y,7.809,1.941,2.626,4.99,,,,,,,,
6.11SBNPM,6.11,SB,N,1,Zebra,F,NA,NA,NA,NA,Y,6.145,1.643,2.134,3.845,,,,,,,,
6.11SBNPM,6.11,SB,N,2,Zebra,J,Medium,Gray,Stripe,NA,Y,4.489,1.099,1.739,3.057,,,,,,,,
6.11SBNPM,6.11,SB,N,3,Zebra,F,NA,NA,NA,NA,Y,6.337,1.712,2.31,4.081,,,,,,,,
6.12DHNWAM,6.12,DH,NW,1,Unknown,U,NA,NA,NA,NA,Y,3.892,1.288,1.328,2.127,,,,,,,,
6.12DHNWAM,6.12,DH,NW,2,Zebra,J,NA,NA,NA,NA,Y,4.461,1.154,1.518,2.808,,,,,,,,
6.12DHNWAM,6.12,DH,NW,3,Zebra,F,Medium,Gray,Stripe,NA,Y,6.33,1.729,2.501,4.004,,,,,,,,
6.12TBNAM,6.12,TB,N,1,Zebra,F,Medium,Gray,Stripe,NA,Y,7.121,1.823,2.456,4.407,,,,,,,,
6.12TBNAM,6.12,TB,N,2,Zebra,F,Medium,Gray,Stripe,NA,Y,6.069,1.734,2.22,3.803,,,,,,,,
6.12TBNAM,6.12,TB,N,3,Zebra,M,NA,NA,NA,NA,Y,4.618,1.353,1.624,2.877,,,,,,,,
6.12TBNAM,6.12,TB,N,4,Zebra,J,NA,NA,NA,NA,Y,3.306,1.044,1.07,1.795,,,,,,,,
6.12TBNAM,6.12,TB,N,5,Zebra,F,NA,NA,NA,NA,Y,7.27,2.016,2.798,4.673,,,,,,,,
6.12TBNAM,6.12,TB,N,6,Zebra,F,NA,NA,NA,NA,Y,4.596,2.058,3.026,4.888,,,,,,,,
6.12TBNAM,6.12,TB,N,7,Zebra,M,NA,NA,NA,NA,Y,4.421,1.312,1.469,2.427,,,,,,,,
6.12TBNAM,6.12,TB,N,8,Zebra,F,NA,NA,NA,NA,Y,6.769,1.721,2.647,4.251,,,,,,,,
6.12TBNAM,6.12,TB,N,9,Zebra,M,NA,NA,NA,NA,Y,4.928,1.347,1.763,2.843,,,,,,,,
6.12TBNAM,6.12,TB,N,10,Zebra,M,NA,NA,NA,NA,Y,5.294,1.751,1.935,3.191,,,,,,,,
6.12TBNAM,6.12,TB,N,11,Zebra,F,NA,NA,NA,NA,Y,6.29,1.57,2.258,3.812,,,,,,,,
6.12TBNAM,6.12,TB,N,12,Zebra,M,NA,NA,NA,NA,Y,5.403,1.423,1.785,3.21,,,,,,,,
6.12TBNAM,6.12,TB,N,13,Zebra,F,NA,NA,NA,NA,Y,6.223,1.582,2.649,3.975,,,,,,,,
6.12TBNAM,6.12,TB,N,14,Zebra,M,Medium,Gray,Stripe,NA,N,NA,NA,NA,NA,,,,,,,,
6.12TBNAM,6.12,TB,N,15,Zebra,M,NA,NA,NA,NA,Y,5.31,1.54,1.714,3.071,,,,,,,,
6.12LUSEAM,6.12,LU,SE,1,Unknown,U,NA,NA,NA,NA,Y,3.602,1.273,1.333,2.011,,,,,,,,
6.12LUNWAM,6.12,LU,NW,1,Zebra,J,NA,NA,NA,NA,N,NA,NA,NA,NA,,,,,,,,
6.12LUNWAM,6.12,LU,NW,2,Zebra,F,Medium,Gray,Stripe,NA,Y,7.462,1.856,2.485,4.538,,,,,,,,
6.12LUNWAM,6.12,LU,NW,3,Zebra,M,NA,NA,NA,NA,Y,5.325,1.589,1.89,3.183,,,,,,,,
6.12LUNWAM,6.12,LU,NW,4,Zebra,F,Medium,Gray,Stripe,NA,Y,5.841,1.542,2.198,3.939,,,,,,,,
6.12LUNWAM,6.12,LU,NW,5,Zebra,F,Medium,Gray,Stripe,NA,Y,7.291,1.726,2.51,4.712,,,,,,,,
6.12GFNPM,6.12,GF,N,1,Zebra,F,Medium,Gray,Stripe,NA,Y,7.145,1.769,2.454,4.428,,,,,,,,
6.12GFNPM,6.12,GF,N,2,Zebra,J,Medium,Gray,Stripe,NA,Y,4.732,1.184,1.714,3.007,,,,,,,,
6.12GFNPM,6.12,GF,N,3,Zebra,J,Small,Gray,No Stripe,NA,Y,3.537,0.911,1.318,1.984,,,,,,,,
6.12GFNPM,6.12,GF,N,4,Zebra,M,NA,NA,NA,NA,Y,5.938,1.788,1.959,3.396,,,,,,,,
6.12GFNPM,6.12,GF,N,5,Unknown,U,NA,NA,NA,NA,Y,4.204,1.145,1.566,2.795,,,,,,,,
6.12LUWAM,6.12,LU,W,1,Zebra,F,NA,NA,NA,NA,Y,6.374,1.734,2.512,4.087,,,,,,,,
6.12LUWAM,6.12,LU,W,2,Zebra,M,NA,NA,NA,NA,Y,4.83,1.452,1.709,2.642,,,,,,,,
6.12LUWAM,6.12,LU,W,3,Zebra,J,NA,NA,NA,NA,Y,3.827,0.815,1.411,2.55,,,,,,,,
6.12LUWAM,6.12,LU,W,4,Zebra,F,Large,Gray,Stripe,NA,Y,6.12,1.551,2.237,3.85,,,,,,,,
6.12LUWAM,6.12,LU,W,5,Zebra,F,NA,NA,NA,NA,Y,7.037,1.763,2.641,4.661,,,,,,,,
6.12LUWAM,6.12,LU,W,6,Zebra,M,NA,NA,NA,NA,N,NA,NA,NA,NA,,,,,,,,
6.12LUWAM,6.12,LU,W,7,Zebra,M,NA,NA,NA,NA,Y,5.287,1.542,1.909,3.073,,,,,,,,
6.12LUWAM,6.12,LU,W,8,Zebra,F,NA,NA,NA,NA,Y,7.417,1.731,2.548,4.788,,,,,,,,
6.12LUWAM,6.12,LU,W,9,Zebra,M,NA,NA,NA,NA,Y,6.699,2.078,2.191,3.86,,,,,,,,
6.12TBNPM,6.12,TB,N,1,Zebra,J,Small,Gray,Unknown,NA,Y,3.922,0.969,1.448,2.569,,,,,,,,
6.12TBNPM,6.12,TB,N,2,Zebra,J,NA,NA,NA,Small Fly,Y,3.724,1.083,1.572,2.424,,,,,,,,
6.12TBNPM,6.12,TB,N,3,Zebra,J,NA,NA,NA,NA,Y,4.588,1.05,1.802,2.88,,,,,,,,
6.12TBNPM,6.12,TB,N,4,Zebra,M,NA,NA,NA,NA,Y,6.406,1.891,2.157,4.041,,,,,,,,
6.12TBNPM,6.12,TB,N,5,BHLB,U,NA,NA,NA,NA,Y,5.986,1.541,2.454,3.817,,,,,,,,
6.12TBNPM,6.12,TB,N,6,Zebra,F,NA,NA,NA,NA,Y,6.692,1.768,2.513,4.028,,,,,,,,
6.12TBNPM,6.12,TB,N,7,Zebra,J,NA,NA,NA,NA,Y,4.337,1.176,1.75,2.75,,,,,,,,
6.12TBNPM,6.12,TB,N,8,Zebra,F,NA,NA,NA,NA,Y,5.721,1.581,2.06,3.576,,,,,,,,
6.12TBNPM,6.12,TB,N,9,Zebra,F,Small,Gray,Stripe,NA,Y,7.257,1.775,2.625,4.692,,,,,,,,
6.12TBNPM,6.12,TB,N,10,Zebra,F,NA,NA,NA,NA,Y,6.227,1.542,2.297,4.059,,,,,,,,
6.12TBNPM,6.12,TB,N,11,Zebra,F,Medium,Gray,Stripe,NA,Y,5.771,1.658,2.178,3.264,,,,,,,,
6.12TBNPM,6.12,TB,N,12,Zebra,J,Medium,Gray,Stripe,NA,Y,3.957,1.018,1.655,1.931,,,,,,,,
6.12TBNPM,6.12,TB,N,13,Zebra,F,NA,NA,NA,NA,Y,9.368,2.157,3.461,5.756,,,,,,,,
6.12TBNPM,6.12,TB,N,14,Zebra,F,NA,NA,NA,NA,Y,8.363,1.848,3.389,5.659,,,,,,,,
6.12TBNPM,6.12,TB,N,15,Zebra,F,NA,NA,NA,NA,Y,6.029,1.464,2.264,3.588,,,,,,,,
6.12TBNPM,6.12,TB,N,16,Zebra,F,Large,Gray,Stripe,NA,N,NA,NA,NA,NA,,,,,,,,
6.12TBNPM,6.12,TB,N,17,Zebra,J,Small,Gray,No Stripe,NA,Y,3.62,1.1,1.413,2.071,,,,,,,,
6.12GLNPM,6.12,GL,N,1,Zebra,J,Small,Gray,Stripe,NA,Y,3.8,0.873,1.496,2.393,,,,,,,,
6.12GLNPM,6.12,GL,N,2,Zebra,F,NA,NA,NA,NA,Y,6.43,1.449,2.508,4.409,,,,,,,,
6.12GLNPM,6.12,GL,N,3,Tan,U,NA,NA,NA,NA,Y,6.895,1.918,2.354,4.814,,,,,,,,
6.12GLNPM,6.12,GL,N,4,Tan,U,Medium,Gray,Stripe,NA,Y,7.341,1.845,2.63,4.838,,,,,,,,
6.12GLNPM,6.12,GL,N,5,Tan,U,NA,NA,NA,NA,N,NA,NA,NA,NA,,,,,,,,
6.12GLNPM,6.12,GL,N,6,Zebra,M,NA,NA,NA,NA,Y,5.157,1.424,1.767,2.987,,,,,,,,
6.13GFNPM,6.13,GF,N,1,Zebra,F,Medium,Gray,Stripe,NA,Y,7.65,1.81,2.834,4.873,,,,,,,,
6.13GFNPM,6.13,GF,N,2,Zebra,F,NA,NA,NA,NA,Y,7.712,1.85,2.986,5.06,,,,,,,,
6.13GFNPM,6.13,GF,N,3,Zebra,F,NA,NA,NA,NA,Y,6.268,1.704,2.548,4.014,,,,,,,,
6.13GFNPM,6.13,GF,N,4,Zebra,F,Medium,Gray,Stripe,NA,Y,6.39,1.5,2.372,3.904,,,,,,,,
6.13GFNPM,6.13,GF,N,5,Tan,U,Large,Gray,Stripe,NA,Y,9.276,2.56,3.212,6.308,,,,,,,,
6.13GFNPM,6.13,GF,N,6,Zebra,F,NA,NA,NA,NA,Y,6.2,1.684,2.23,3.915,,,,,,,,
6.13GFNPM,6.13,GF,N,7,Zebra,F,Large,Gray,Stripe,NA,Y,7.395,1.988,2.666,4.484,,,,,,,,
6.13GFNPM,6.13,GF,N,8,Tan,U,Large,Gray,Stripe,NA,Y,10.892,3.381,3.845,6.811,,,,,,,,
6.13GFNPM,6.13,GF,N,9,Tan,U,NA,NA,NA,small moth,Y,5.263,1.54,1.951,3.495,,,,,,,,
6.13GLNPM,6.13,GL,N,1,Tan,U,NA,NA,NA,NA,Y,40.23,1.34,1.419,2.528,,,,,,,,
6.13GLNPM,6.13,GL,N,2,Zebra,F,NA,NA,NA,NA,Y,8.489,1.995,2.84,5.226,,,,,,,,
6.13GLNPM,6.13,GL,N,3,Zebra,M,NA,NA,NA,NA,Y,4.985,1.611,1.79,2.792,,,,,,,,
6.13GLNPM,6.13,GL,N,4,Tan,U,NA,NA,NA,NA,Y,6.062,2.112,1.649,3.651,,,,,,,,
6.13GLNPM,6.13,GL,N,5,Tan,U,NA,NA,NA,NA,Y,3.797,1.056,1.429,2.498,,,,,,,,
6.13GLNPM,6.13,GL,N,6,Zebra,F,NA,NA,NA,NA,Y,6.521,1.807,2.552,4.007,,,,,,,,
6.13GLNPM,6.13,GL,N,7,Tan,U,NA,NA,NA,NA,Y,5.587,1.427,2.158,3.597,,,,,,,,
6.13GLNPM,6.13,GL,N,8,Zebra,F,Large,Gray,Stripe,NA,Y,5.344,1.745,2.172,3.243,,,,,,,,
6.13TBNAM,6.13,TB,N,1,Zebra,M,NA,NA,NA,Unknown (fly?),Y,4.665,1.328,1.543,2.746,,,,,,,,
6.13TBNAM,6.13,TB,N,2,Zebra,J,NA,NA,NA,NA,Y,3.624,1.027,1.401,2.332,,,,,,,,
6.13TBNAM,6.13,TB,N,3,Zebra,F,Small,Gray,No Stripe,NA,Y,6.145,1.611,2.182,3.755,,,,,,,,
6.13TBNAM,6.13,TB,N,4,Zebra,M,NA,NA,NA,NA,N,NA,NA,NA,NA,,,,,,,,
6.13TBNAM,6.13,TB,N,5,Zebra,M,NA,NA,NA,NA,N,NA,NA,NA,NA,,,,,,,,
6.13TBNAM,6.13,TB,N,6,Tan,U,Medium,Gray,Stripe,NA,Y,8.102,2.598,2.134,4.765,,,,,,,,
6.13TBNAM,6.13,TB,N,7,Zebra,F,NA,NA,NA,NA,Y,6.905,1.65,2.613,4.608,,,,,,,,
6.13TBNAM,6.13,TB,N,8,Zebra,F,NA,NA,NA,NA,Y,5.871,1.469,2.419,3.838,,,,,,,,
6.13TBNAM,6.13,TB,N,9,Zebra,F,NA,NA,NA,NA,Y,8.382,2.038,2.898,4.895,,,,,,,,
6.13TBNAM,6.13,TB,N,10,Zebra,M,NA,NA,NA,NA,Y,5.319,1.577,1.686,2.915,,,,,,,,
6.13TBNAM,6.13,TB,N,11,Zebra,F,NA,NA,NA,NA,Y,6.697,1.647,2.556,4.452,,,,,,,,
6.13TBNAM,6.13,TB,N,12,Zebra,F,NA,NA,NA,NA,Y,7.159,1.976,2.835,4.734,,,,,,,,
6.13TBNAM,6.13,TB,N,13,Zebra,F,NA,NA,NA,NA,Y,8.896,2.068,3.159,5.474,,,,,,,,
6.13SBNPM,6.13,SB,N,1,Zebra,F,Medium,Gray,Stripe,NA,Y,7.677,1.776,2.947,5.347,,,,,,,,
6.13SBNPM,6.13,SB,N,2,Zebra,F,NA,NA,NA,NA,Y,7.087,1.898,2.68,4.771,,,,,,,,
6.13LUSEAM,6.13,LU,SE,1,Zebra,F,Medium,Gray,Stripe,NA,Y,6.947,1.706,2.565,4.767,,,,,,,,
6.13LUSEAM,6.13,LU,SE,2,Zebra,F,Medium,Gray,Stripe,NA,Y,6.514,1.58,2.843,4.121,,,,,,,,
6.13LUSEAM,6.13,LU,SE,3,Zebra,F,Medium,Gray,Stripe,NA,Y,7.396,1.919,2.528,4.195,,,,,,,,
6.13LUNWAM,6.13,LU,NW,1,Zebra,F,Small,Gray,Stripe,NA,Y,6.383,1.578,2.302,3.964,,,,,,,,
6.13LUNWAM,6.13,LU,NW,2,Zebra,J,Medium,Gray,Stripe,NA,Y,3.495,1.182,1.544,2.031,,,,,,,,
6.13LUNWAM,6.13,LU,NW,3,Unknown,U,NA,NA,NA,NA,Y,4.477,1.209,1.627,2.954,,,,,,,,
6.13LUNWAM,6.13,LU,NW,4,Zebra,F,NA,NA,NA,NA,Y,6.758,1.744,2.577,4.329,,,,,,,,
6.13LUNWAM,6.13,LU,NW,5,PHLB,U,NA,NA,NA,NA,N,NA,NA,NA,NA,,,,,,,,
6.13LUNWAM,6.13,LU,NW,6,Zebra,F,NA,NA,NA,NA,Y,7.084,1.765,2.39,4.412,,,,,,,,
6.12LUEPM,6.12,LU,E,1,Zebra,F,NA,NA,NA,NA,Y,7.086,1.711,2.705,4.331,,,,,,,,
6.14SBWAM,6.14,SB,W,1,Zebra,J,NA,NA,NA,NA,Y,4.069,1.143,1.404,2.452,,,,,,,,
6.14SBWAM,6.14,SB,W,2,Zebra,F,NA,NA,NA,NA,Y,6.588,1.892,2.279,4.136,,,,,,,,
6.14GFNAM,6.14,GF,N,1,Zebra,F,NA,NA,NA,NA,Y,6.082,1.802,2.04,3.54,,,,,,,,
6.14GFNAM,6.14,GF,N,2,Zebra,F,NA,NA,NA,NA,Y,6.062,1.609,2.377,3.942,,,,,,,,
6.14GFNAM,6.14,GF,N,3,Zebra,J,NA,NA,NA,NA,Y,5.16,1.326,1.988,3.461,,,,,,,,
6.14GFNAM,6.14,GF,N,4,Zebra,M,NA,NA,NA,NA,Y,5.726,1.676,1.963,3.076,,,,,,,,
6.14GFNAM,6.14,GF,N,5,Zebra,J,NA,NA,NA,NA,Y,3.351,1.095,1.028,1.91,,,,,,,,
6.14GFNAM,6.14,GF,N,6,Zebra,F,Small,Gray,No Stripe,NA,Y,8.054,2.059,2.72,5.086,,,,,,,,
6.14GFNAM,6.14,GF,N,7,Zebra,F,NA,NA,NA,NA,Y,7.04,1.834,2.44,4.664,,,,,,,,
6.14GFNAM,6.14,GF,N,8,Zebra,F,NA,NA,NA,NA,Y,6.846,1.855,2.348,4.05,,,,,,,,
6.14GFNAM,6.14,GF,N,9,Zebra,J,NA,NA,NA,NA,Y,5.211,1.273,1.858,3.135,,,,,,,,
6.14GFNAM,6.14,GF,N,10,Tan,U,NA,NA,NA,NA,Y,9.158,2.477,3.292,6.019,,,,,,,,
6.14GFNAM,6.14,GF,N,11,Zebra,F,NA,NA,NA,NA,Y,6.684,1664,2.353,4.245,,,,,,,,
6.14GFNAM,6.14,GF,N,12,BHLB,U,NA,NA,NA,NA,N,NA,NA,NA,NA,,,,,,,,
6.14GFNAM,6.14,GF,N,13,Zebra,F,Small,Gray,No Stripe,NA,Y,4.807,1.307,1.702,2.897,,,,,,,,
6.14GFNAM,6.14,GF,N,14,Zebra,J,NA,NA,NA,NA,Y,4.251,1.145,1.646,2.601,,,,,,,,
6.14GFNAM,6.14,GF,N,15,Zebra,F,NA,NA,NA,NA,Y,7.849,2.047,2.833,4.661,,,,,,,,
6.14GFNAM,6.14,GF,N,16,Zebra,F,NA,NA,NA,Small (tan?) jumper,Y,7.73,2.068,2.557,4.745,,,,,,,,
6.14LUWAM,6.14,LU,W,1,Zebra,F,NA,NA,NA,NA,Y,7.04,1.81,2.764,4.68,,,,,,,,
6.14LUWAM,6.14,LU,W,2,Zebra,J,NA,NA,NA,NA,Y,3.289,0.978,1.233,1.81,,,,,,,,
6.14LUWAM,6.14,LU,W,3,Zebra,F,NA,NA,NA,small fly,Y,6.961,1.78,2.239,3.868,,,,,,,,
6.14LUWAM,6.14,LU,W,4,Zebra,F,NA,NA,NA,NA,Y,7.546,2.23,3.023,4.628,,,,,,,,
6.14TBNAM,6.14,TB,N,1,Zebra,F,Medium,Gray,Stripe,NA,Y,5.846,1.504,2.404,3.789,,,,,,,,
6.14TBNAM,6.14,TB,N,2,Zebra,F,NA,NA,NA,NA,Y,6.474,1.598,2.389,4.063,,,,,,,,
6.14TBNAM,6.14,TB,N,3,Zebra,F,Medium,Gray,Stripe,NA,Y,7.577,1.62,2.775,4.678,,,,,,,,
6.14TBNAM,6.14,TB,N,4,Zebra,M,NA,NA,NA,NA,N,5.295,1.523,1.857,3.025,,,,,,,,
6.14TBNAM,6.14,TB,N,5,Zebra,F,NA,NA,NA,NA,Y,5.618,1.519,1.984,3.854,,,,,,,,
6.14TBNAM,6.14,TB,N,6,Tan,U,NA,NA,NA,NA,Y,6.177,1.62,2.232,3.907,,,,,,,,
6.14TBNAM,6.14,TB,N,7,Zebra,F,NA,NA,NA,NA,Y,6.795,1.528,2.365,4.565,,,,,,,,
6.14TBNAM,6.14,TB,N,8,Zebra,F,NA,NA,NA,NA,N,NA,NA,NA,NA,,,,,,,,
6.14TBNAM,6.14,TB,N,9,BHLB,U,NA,NA,NA,NA,Y,4.569,1.25,1.367,2.721,,,,,,,,
6.14TBNAM,6.14,TB,N,10,Zebra,F,NA,NA,NA,NA,Y,6.724,1.553,2.65,4.701,,,,,,,,
6.14TBNAM,6.14,TB,N,11,Zebra,F,NA,NA,NA,NA,N,NA,NA,NA,NA,,,,,,,,
6.14LUSEAM,6.14,LU,SE,1,Zebra,F,NA,NA,NA,NA,Y,7.15,1.616,2.531,4.766,,,,,,,,
6.14DHNWAM,6.14,DH,NW,1,Zebra,F,NA,NA,NA,NA,Y,7.36,2.042,2.765,4.731,,,,,,,,
6.14DHNWAM,6.14,DH,NW,2,Zebra,F,NA,NA,NA,NA,N,NA,NA,NA,NA,,,,,,,,
6.14GLNAM,6.14,GL,N,1,Zebra,M,NA,NA,NA,NA,Y,4.893,1.357,1.581,2.759,,,,,,,,
6.14GLNAM,6.14,GL,N,2,Tan,U,Large,Gray,Stripe,NA,Y,12.189,3.465,4.756,7.808,,,,,,,,
6.14GLNAM,6.14,GL,N,3,Zebra,M,NA,NA,NA,NA,Y,4.505,1.394,1.509,2.471,,,,,,,,
6.14GLNAM,6.14,GL,N,4,Zebra,F,Large,Gray,Stripe,NA,Y,5.844,1.605,2.136,3.783,,,,,,,,
6.14GLNAM,6.14,GL,N,5,Zebra,J,NA,NA,NA,NA,Y,4.283,1.122,1.547,2.847,,,,,,,,
6.14GLNAM,6.14,GL,N,6,Tan,U,NA,NA,NA,Army Cutworm moth,Y,11.701,3.739,4.596,7.918,,,,,,,,
6.14GLNAM,6.14,GL,N,7,Zebra,J,NA,NA,NA,NA,Y,2.753,0.926,1.264,1.663,,,,,,,,
6.14GLNAM,6.14,GL,N,8,Zebra,F,NA,NA,NA,NA,Y,5.144,1.404,1.816,2.965,,,,,,,,
6.14GLNAM,6.14,GL,N,9,Zebra,F,NA,NA,NA,NA,Y,4.084,1.23,1.506,2.581,,,,,,,,
6.14GLNAM,6.14,GL,N,10,Zebra,J,NA,NA,NA,NA,N,3.552,1.148,1.39,2.037,,,,,,,,
6.14GLNAM,6.14,GL,N,11,Zebra,F,NA,NA,NA,small fly,Y,5.669,1.438,2.146,3.763,,,,,,,,
6.14GLNAM,6.14,GL,N,12,Zebra,F,Small,Gray,Stripe,NA,Y,4.857,1.347,1.669,3.013,,,,,,,,
6.14GLNAM,6.14,GL,N,13,Tan,U,NA,NA,NA,NA,Y,5.818,1.631,1.524,3.54,,,,,,,,
6.14GLNAM,6.14,GL,N,14,Zebra,M,NA,NA,NA,NA,Y,4.561,1.172,1.654,2.68,,,,,,,,
6.14GLNAM,6.14,GL,N,15,Zebra,M,NA,NA,NA,NA,Y,3.557,1.228,1.565,1.957,,,,,,,,
6.14GLNAM,6.14,GL,N,16,Tan,U,NA,NA,NA,NA,Y,12.65,3.754,4.722,8.217,,,,,,,,
6.14GLNAM,6.14,GL,N,17,Zebra,F,NA,NA,NA,NA,Y,6.597,1.709,2.574,4.255,,,,,,,,
6.14GLNAM,6.14,GL,N,18,Zebra,F,NA,NA,NA,NA,Y,6.253,1.532,2.107,3.832,,,,,,,,
6.14GLNAM,6.14,GL,N,19,Tan,U,NA,NA,NA,NA,Y,6.293,1.961,2.494,3.954,,,,,,,,
